MOC_DEMOGRAFIA_ID;MOC_ZONAS_ID;PK_RANGO_ETARIO_ID;PK_GENERO_ID;POBLACION_VIVIENTE;POBLACION_TRABAJADORA;RANGO_ETARIO;GENERO
1;1;6;0;504;374;[60-INF);H
2;1;1;0;338;61;[10-20);H
3;1;2;1;607;370;[20-30);M
4;1;0;0;478;0;[0-10);H
5;1;5;0;417;351;[50-60);H
6;1;3;1;638;446;[30-40);M
7;1;4;1;410;316;[40-50);M
8;1;1;1;280;45;[10-20);M
9;1;2;0;692;392;[20-30);H
10;1;6;1;383;186;[60-INF);M
11;1;0;1;417;0;[0-10);M
12;1;3;0;711;539;[30-40);H
13;1;5;1;380;273;[50-60);M
14;1;4;0;471;379;[40-50);H
15;2;3;1;49;41;[30-40);M
16;2;5;1;38;31;[50-60);M
17;2;1;0;27;4;[10-20);H
18;2;6;0;65;33;[60-INF);H
19;2;0;1;23;0;[0-10);M
20;2;2;0;50;40;[20-30);H
21;2;4;0;46;38;[40-50);H
22;2;3;0;50;42;[30-40);H
23;2;6;1;89;22;[60-INF);M
24;2;1;1;21;6;[10-20);M
25;2;5;0;37;31;[50-60);H
26;2;0;0;23;0;[0-10);H
27;2;4;1;37;32;[40-50);M
28;2;2;1;34;28;[20-30);M
29;3;3;0;824;785;[30-40);H
30;3;2;1;808;601;[20-30);M
31;3;4;1;677;518;[40-50);M
32;3;5;0;588;534;[50-60);H
33;3;6;1;1407;358;[60-INF);M
34;3;4;0;636;593;[40-50);H
35;3;0;1;623;0;[0-10);M
36;3;1;1;589;105;[10-20);M
37;3;3;1;795;654;[30-40);M
38;3;2;0;877;765;[20-30);H
39;3;5;1;667;482;[50-60);M
40;3;1;0;655;141;[10-20);H
41;3;6;0;951;431;[60-INF);H
42;3;0;0;667;0;[0-10);H
43;4;4;1;393;326;[40-50);M
44;4;3;0;589;558;[30-40);H
45;4;2;1;609;465;[20-30);M
46;4;5;0;305;289;[50-60);H
47;4;1;1;410;82;[10-20);M
48;4;6;1;622;206;[60-INF);M
49;4;0;0;489;0;[0-10);H
50;4;4;0;397;372;[40-50);H
51;4;5;1;346;261;[50-60);M
52;4;2;0;607;529;[20-30);H
53;4;3;1;586;477;[30-40);M
54;4;1;0;484;116;[10-20);H
55;4;0;1;449;0;[0-10);M
56;4;6;0;404;246;[60-INF);H
57;5;1;0;55;8;[10-20);H
58;5;3;1;58;38;[30-40);M
59;5;6;0;20;7;[60-INF);H
60;5;4;0;38;29;[40-50);H
61;5;2;0;72;47;[20-30);H
62;5;5;1;18;12;[50-60);M
63;5;0;0;69;0;[0-10);H
64;5;4;1;25;19;[40-50);M
65;5;6;1;17;1;[60-INF);M
66;5;3;0;53;41;[30-40);H
67;5;1;1;74;7;[10-20);M
68;5;2;1;39;18;[20-30);M
69;5;0;1;61;0;[0-10);M
70;5;5;0;24;19;[50-60);H
71;6;3;1;709;527;[30-40);M
72;6;6;0;659;302;[60-INF);H
73;6;2;0;746;649;[20-30);H
74;6;0;1;621;0;[0-10);M
75;6;5;1;483;323;[50-60);M
76;6;1;1;678;120;[10-20);M
77;6;4;0;570;532;[40-50);H
78;6;3;0;654;616;[30-40);H
79;6;6;1;951;226;[60-INF);M
80;6;2;1;706;462;[20-30);M
81;6;5;0;447;404;[50-60);H
82;6;1;0;658;114;[10-20);H
83;6;4;1;607;451;[40-50);M
84;6;0;0;681;0;[0-10);H
85;7;2;1;603;432;[20-30);M
86;7;3;0;609;571;[30-40);H
87;7;6;1;1017;311;[60-INF);M
88;7;5;0;414;374;[50-60);H
89;7;1;1;478;94;[10-20);M
90;7;4;1;552;460;[40-50);M
91;7;0;1;442;0;[0-10);M
92;7;2;0;664;563;[20-30);H
93;7;3;1;601;457;[30-40);M
94;7;6;0;646;330;[60-INF);H
95;7;4;0;492;464;[40-50);H
96;7;0;0;438;0;[0-10);H
97;7;1;0;476;102;[10-20);H
98;7;5;1;534;418;[50-60);M
99;8;4;1;1;1;[40-50);M
100;8;6;1;0;0;[60-INF);M
101;8;5;0;13;13;[50-60);H
102;8;0;0;1;0;[0-10);H
103;8;2;0;13;13;[20-30);H
104;8;3;0;22;22;[30-40);H
105;8;1;0;0;0;[10-20);H
106;8;5;1;1;1;[50-60);M
107;8;6;0;6;6;[60-INF);H
108;8;4;0;15;15;[40-50);H
109;8;0;1;0;0;[0-10);M
110;8;3;1;1;1;[30-40);M
111;8;1;1;0;0;[10-20);M
112;8;2;1;1;0;[20-30);M
113;9;5;1;519;364;[50-60);M
114;9;6;0;685;295;[60-INF);H
115;9;4;0;441;407;[40-50);H
116;9;3;1;581;447;[30-40);M
117;9;0;0;529;0;[0-10);H
118;9;2;0;578;491;[20-30);H
119;9;1;0;514;101;[10-20);H
120;9;5;0;409;371;[50-60);H
121;9;6;1;1060;209;[60-INF);M
122;9;4;1;487;389;[40-50);M
123;9;2;1;600;417;[20-30);M
124;9;0;1;475;0;[0-10);M
125;9;3;0;565;507;[30-40);H
126;9;1;1;493;77;[10-20);M
127;10;5;1;488;356;[50-60);M
128;10;1;1;626;105;[10-20);M
129;10;6;0;613;296;[60-INF);H
130;10;2;1;690;485;[20-30);M
131;10;4;0;523;501;[40-50);H
132;10;3;1;677;520;[30-40);M
133;10;0;1;592;0;[0-10);M
134;10;1;0;645;142;[10-20);H
135;10;6;1;970;306;[60-INF);M
136;10;5;0;445;406;[50-60);H
137;10;4;1;535;436;[40-50);M
138;10;3;0;631;607;[30-40);H
139;10;2;0;715;620;[20-30);H
140;10;0;0;567;0;[0-10);H
141;11;5;0;531;480;[50-60);H
142;11;4;1;696;557;[40-50);M
143;11;0;1;654;0;[0-10);M
144;11;1;0;698;128;[10-20);H
145;11;2;1;826;619;[20-30);M
146;11;3;0;786;738;[30-40);H
147;11;6;1;1385;309;[60-INF);M
148;11;5;1;685;472;[50-60);M
149;11;4;0;632;571;[40-50);H
150;11;6;0;815;363;[60-INF);H
151;11;0;0;728;0;[0-10);H
152;11;1;1;694;108;[10-20);M
153;11;3;1;834;643;[30-40);M
154;11;2;0;819;704;[20-30);H
155;12;0;1;617;0;[0-10);M
156;12;5;0;486;440;[50-60);H
157;12;4;1;673;550;[40-50);M
158;12;3;1;861;731;[30-40);M
159;12;6;1;1001;275;[60-INF);M
160;12;1;0;651;127;[10-20);H
161;12;2;0;809;687;[20-30);H
162;12;0;0;682;0;[0-10);H
163;12;4;0;598;557;[40-50);H
164;12;5;1;579;432;[50-60);M
165;12;6;0;664;342;[60-INF);H
166;12;1;1;602;95;[10-20);M
167;12;3;0;809;748;[30-40);H
168;12;2;1;798;609;[20-30);M
169;13;3;0;690;618;[30-40);H
170;13;6;0;849;366;[60-INF);H
171;13;4;0;571;517;[40-50);H
172;13;0;0;684;0;[0-10);H
173;13;1;1;651;90;[10-20);M
174;13;5;1;639;445;[50-60);M
175;13;2;0;773;656;[20-30);H
176;13;4;1;627;470;[40-50);M
177;13;0;1;606;0;[0-10);M
178;13;1;0;665;113;[10-20);H
179;13;3;1;748;552;[30-40);M
180;13;6;1;1260;268;[60-INF);M
181;13;2;1;785;539;[20-30);M
182;13;5;0;537;478;[50-60);H
183;14;3;0;1356;1243;[30-40);H
184;14;1;1;1900;276;[10-20);M
185;14;0;0;2088;0;[0-10);H
186;14;5;1;497;312;[50-60);M
187;14;4;0;867;792;[40-50);H
188;14;6;0;328;172;[60-INF);H
189;14;2;1;1891;1090;[20-30);M
190;14;6;1;443;125;[60-INF);M
191;14;3;1;1427;885;[30-40);M
192;14;0;1;2128;0;[0-10);M
193;14;1;0;1847;407;[10-20);H
194;14;2;0;1934;1671;[20-30);H
195;14;5;0;491;432;[50-60);H
196;14;4;1;928;602;[40-50);M
197;15;3;1;663;513;[30-40);M
198;15;1;0;700;137;[10-20);H
199;15;0;1;622;0;[0-10);M
200;15;2;1;693;488;[20-30);M
201;15;5;0;494;451;[50-60);H
202;15;4;1;608;444;[40-50);M
203;15;6;0;798;392;[60-INF);H
204;15;0;0;615;0;[0-10);H
205;15;3;0;727;684;[30-40);H
206;15;1;1;642;106;[10-20);M
207;15;2;0;722;628;[20-30);H
208;15;5;1;512;359;[50-60);M
209;15;4;0;566;529;[40-50);H
210;15;6;1;1131;300;[60-INF);M
211;16;1;0;2552;458;[10-20);H
212;16;4;1;2488;1823;[40-50);M
213;16;5;0;1898;1698;[50-60);H
214;16;3;1;2713;2018;[30-40);M
215;16;0;1;2306;0;[0-10);M
216;16;6;1;4742;1133;[60-INF);M
217;16;2;0;2604;2204;[20-30);H
218;16;5;1;2330;1538;[50-60);M
219;16;1;1;2522;369;[10-20);M
220;16;3;0;2401;2239;[30-40);H
221;16;6;0;2991;1315;[60-INF);H
222;16;2;1;2705;1945;[20-30);M
223;16;4;0;2202;2067;[40-50);H
224;16;0;0;2408;0;[0-10);H
225;17;2;0;2283;1986;[20-30);H
226;17;1;1;1953;359;[10-20);M
227;17;0;0;2003;0;[0-10);H
228;17;4;0;1568;1470;[40-50);H
229;17;5;1;1445;926;[50-60);M
230;17;6;1;3072;708;[60-INF);M
231;17;3;0;1931;1796;[30-40);H
232;17;4;1;1659;1223;[40-50);M
233;17;2;1;2302;1600;[20-30);M
234;17;1;0;2057;447;[10-20);H
235;17;0;1;1949;0;[0-10);M
236;17;5;0;1279;1135;[50-60);H
237;17;3;1;2012;1475;[30-40);M
238;17;6;0;1883;872;[60-INF);H
239;18;3;0;2530;2308;[30-40);H
240;18;1;1;2658;463;[10-20);M
241;18;5;0;1119;963;[50-60);H
242;18;0;0;3280;0;[0-10);H
243;18;6;0;1357;649;[60-INF);H
244;18;2;1;3206;2029;[20-30);M
245;18;4;1;1673;1151;[40-50);M
246;18;3;1;2465;1722;[30-40);M
247;18;0;1;2984;0;[0-10);M
248;18;1;0;2607;556;[10-20);H
249;18;5;1;1285;806;[50-60);M
250;18;4;0;1540;1421;[40-50);H
251;18;2;0;3156;2745;[20-30);H
252;18;6;1;2143;513;[60-INF);M
253;19;2;0;821;712;[20-30);H
254;19;6;0;1010;526;[60-INF);H
255;19;3;1;793;580;[30-40);M
256;19;5;1;752;504;[50-60);M
257;19;4;0;688;664;[40-50);H
258;19;1;0;746;154;[10-20);H
259;19;4;1;716;498;[40-50);M
260;19;3;0;804;774;[30-40);H
261;19;2;1;809;586;[20-30);M
262;19;0;0;687;0;[0-10);H
263;19;5;0;641;605;[50-60);H
264;19;1;1;685;124;[10-20);M
265;19;0;1;686;0;[0-10);M
266;19;6;1;1429;302;[60-INF);M
267;20;2;0;1204;1025;[20-30);H
268;20;5;1;1184;853;[50-60);M
269;20;4;0;1097;1029;[40-50);H
270;20;3;1;1360;1087;[30-40);M
271;20;1;0;1053;189;[10-20);H
272;20;6;0;1785;863;[60-INF);H
273;20;0;1;1014;0;[0-10);M
274;20;2;1;1289;1010;[20-30);M
275;20;5;0;1012;935;[50-60);H
276;20;0;0;1015;0;[0-10);H
277;20;4;1;1262;953;[40-50);M
278;20;3;0;1332;1260;[30-40);H
279;20;1;1;1021;160;[10-20);M
280;20;6;1;2832;621;[60-INF);M
281;21;6;1;1954;463;[60-INF);M
282;21;3;0;950;911;[30-40);H
283;21;4;1;908;680;[40-50);M
284;21;2;1;911;723;[20-30);M
285;21;0;1;703;0;[0-10);M
286;21;5;0;798;765;[50-60);H
287;21;1;1;710;101;[10-20);M
288;21;6;0;1346;648;[60-INF);H
289;21;2;0;949;823;[20-30);H
290;21;3;1;973;799;[30-40);M
291;21;4;0;787;758;[40-50);H
292;21;0;0;769;0;[0-10);H
293;21;1;0;742;131;[10-20);H
294;21;5;1;919;633;[50-60);M
295;22;2;1;1325;1036;[20-30);M
296;22;6;1;2680;666;[60-INF);M
297;22;3;0;2006;1365;[30-40);H
298;22;0;0;1097;0;[0-10);H
299;22;5;0;1206;1002;[50-60);H
300;22;4;1;1252;949;[40-50);M
301;22;1;0;1084;163;[10-20);H
302;22;6;0;1732;822;[60-INF);H
303;22;2;0;1916;1103;[20-30);H
304;22;3;1;1514;1221;[30-40);M
305;22;0;1;1020;0;[0-10);M
306;22;5;1;1287;911;[50-60);M
307;22;1;1;990;139;[10-20);M
308;22;4;0;1389;1060;[40-50);H
309;23;0;0;987;0;[0-10);H
310;23;6;0;1813;958;[60-INF);H
311;23;3;1;1458;1214;[30-40);M
312;23;2;0;1278;1067;[20-30);H
313;23;1;0;1097;182;[10-20);H
314;23;4;0;1186;1128;[40-50);H
315;23;5;1;1334;985;[50-60);M
316;23;2;1;1285;1012;[20-30);M
317;23;0;1;918;0;[0-10);M
318;23;3;0;1312;1257;[30-40);H
319;23;6;1;2728;679;[60-INF);M
320;23;5;0;1135;1069;[50-60);H
321;23;1;1;1039;143;[10-20);M
322;23;4;1;1317;1019;[40-50);M
323;24;0;1;1279;0;[0-10);M
324;24;5;1;1591;1122;[50-60);M
325;24;4;0;1416;1327;[40-50);H
326;24;6;0;2159;1061;[60-INF);H
327;24;1;1;1265;200;[10-20);M
328;24;2;1;1514;1235;[20-30);M
329;24;3;1;1805;1481;[30-40);M
330;24;4;1;1543;1237;[40-50);M
331;24;0;0;1243;0;[0-10);H
332;24;5;0;1289;1198;[50-60);H
333;24;6;1;3465;915;[60-INF);M
334;24;1;0;1325;208;[10-20);H
335;24;2;0;1521;1312;[20-30);H
336;24;3;0;1642;1560;[30-40);H
337;25;6;1;2674;554;[60-INF);M
338;25;2;1;1386;1014;[20-30);M
339;25;4;1;1285;981;[40-50);M
340;25;0;1;1175;0;[0-10);M
341;25;5;0;1065;990;[50-60);H
342;25;1;1;1179;199;[10-20);M
343;25;3;0;1393;1308;[30-40);H
344;25;5;1;1216;829;[50-60);M
345;25;6;0;1675;776;[60-INF);H
346;25;4;0;1201;1147;[40-50);H
347;25;2;0;1430;1220;[20-30);H
348;25;0;0;1189;0;[0-10);H
349;25;3;1;1468;1151;[30-40);M
350;25;1;0;1262;228;[10-20);H
351;26;6;1;3210;783;[60-INF);M
352;26;4;1;1571;1239;[40-50);M
353;26;3;0;1681;1599;[30-40);H
354;26;2;0;1686;1445;[20-30);H
355;26;0;0;1391;0;[0-10);H
356;26;5;0;1434;1344;[50-60);H
357;26;1;1;1417;220;[10-20);M
358;26;3;1;1751;1429;[30-40);M
359;26;6;0;2006;1025;[60-INF);H
360;26;5;1;1697;1214;[50-60);M
361;26;2;1;1730;1339;[20-30);M
362;26;4;0;1425;1349;[40-50);H
363;26;0;1;1193;0;[0-10);M
364;26;1;0;1391;266;[10-20);H
365;27;1;1;1510;230;[10-20);M
366;27;5;1;2450;1883;[50-60);M
367;27;4;0;2089;1971;[40-50);H
368;27;2;0;2525;2134;[20-30);H
369;27;6;0;3156;1613;[60-INF);H
370;27;3;1;3343;2915;[30-40);M
371;27;0;0;1719;0;[0-10);H
372;27;4;1;2385;2012;[40-50);M
373;27;5;0;1929;1719;[50-60);H
374;27;1;0;1571;220;[10-20);H
375;27;0;1;1719;0;[0-10);M
376;27;6;1;5299;1574;[60-INF);M
377;27;2;1;2796;2224;[20-30);M
378;27;3;0;2904;2750;[30-40);H
379;28;5;1;1857;1413;[50-60);M
380;28;4;0;1657;1576;[40-50);H
381;28;0;0;1399;0;[0-10);H
382;28;1;0;1478;255;[10-20);H
383;28;3;0;2055;1974;[30-40);H
384;28;6;0;2139;1148;[60-INF);H
385;28;2;1;2056;1647;[20-30);M
386;28;5;0;1524;1433;[50-60);H
387;28;4;1;1913;1607;[40-50);M
388;28;0;1;1475;0;[0-10);M
389;28;1;1;1459;229;[10-20);M
390;28;6;1;3609;1022;[60-INF);M
391;28;2;0;2033;1741;[20-30);H
392;28;3;1;2231;1910;[30-40);M
393;29;3;1;2032;1377;[30-40);M
394;29;4;1;1389;954;[40-50);M
395;29;0;1;2705;0;[0-10);M
396;29;6;1;1212;342;[60-INF);M
397;29;1;0;2538;604;[10-20);H
398;29;5;0;777;687;[50-60);H
399;29;2;1;2770;1731;[20-30);M
400;29;0;0;2780;0;[0-10);H
401;29;4;0;1250;1131;[40-50);H
402;29;6;0;879;449;[60-INF);H
403;29;3;0;2012;1863;[30-40);H
404;29;1;1;2453;452;[10-20);M
405;29;5;1;933;607;[50-60);M
406;29;2;0;2700;2325;[20-30);H
407;30;6;1;5497;1648;[60-INF);M
408;30;0;1;1316;0;[0-10);M
409;30;3;1;2306;2021;[30-40);M
410;30;4;1;2052;1773;[40-50);M
411;30;2;0;2007;1624;[20-30);H
412;30;5;0;1767;1673;[50-60);H
413;30;1;1;1358;172;[10-20);M
414;30;6;0;3158;1798;[60-INF);H
415;30;0;0;1276;0;[0-10);H
416;30;3;0;2038;1953;[30-40);H
417;30;1;0;1331;169;[10-20);H
418;30;4;0;1575;1520;[40-50);H
419;30;5;1;2329;1844;[50-60);M
420;30;2;1;2276;1803;[20-30);M
421;31;3;0;1605;1539;[30-40);H
422;31;1;1;1078;163;[10-20);M
423;31;6;1;3087;977;[60-INF);M
424;31;2;0;1464;1248;[20-30);H
425;31;0;0;1175;0;[0-10);H
426;31;5;1;1580;1226;[50-60);M
427;31;4;0;1229;1166;[40-50);H
428;31;3;1;1810;1559;[30-40);M
429;31;4;1;1423;1191;[40-50);M
430;31;1;0;1171;186;[10-20);H
431;31;5;0;1224;1161;[50-60);H
432;31;6;0;1980;1076;[60-INF);H
433;31;0;1;1102;0;[0-10);M
434;31;2;1;1522;1192;[20-30);M
435;32;5;1;1030;767;[50-60);M
436;32;4;0;852;806;[40-50);H
437;32;1;1;855;141;[10-20);M
438;32;6;0;1272;670;[60-INF);H
439;32;3;0;1068;1017;[30-40);H
440;32;2;1;1047;844;[20-30);M
441;32;0;0;794;0;[0-10);H
442;32;5;0;856;793;[50-60);H
443;32;4;1;1015;816;[40-50);M
444;32;1;0;883;139;[10-20);H
445;32;3;1;1105;945;[30-40);M
446;32;6;1;1965;464;[60-INF);M
447;32;0;1;799;0;[0-10);M
448;32;2;0;995;860;[20-30);H
449;33;1;0;1038;151;[10-20);H
450;33;2;1;1951;1525;[20-30);M
451;33;0;1;1127;0;[0-10);M
452;33;3;1;2183;1933;[30-40);M
453;33;5;0;1176;1098;[50-60);H
454;33;6;0;1918;1055;[60-INF);H
455;33;4;1;1482;1298;[40-50);M
456;33;2;0;1778;1494;[20-30);H
457;33;1;1;1107;151;[10-20);M
458;33;3;0;1969;1902;[30-40);H
459;33;0;0;1184;0;[0-10);H
460;33;6;1;3205;1018;[60-INF);M
461;33;5;1;1556;1230;[50-60);M
462;33;4;0;1374;1327;[40-50);H
463;34;5;1;1069;861;[50-60);M
464;34;3;1;1557;1346;[30-40);M
465;34;1;0;862;146;[10-20);H
466;34;0;1;792;0;[0-10);M
467;34;6;1;2300;627;[60-INF);M
468;34;2;0;1319;1047;[20-30);H
469;34;4;0;956;896;[40-50);H
470;34;3;0;1440;1357;[30-40);H
471;34;1;1;794;124;[10-20);M
472;34;5;0;800;733;[50-60);H
473;34;0;0;874;0;[0-10);H
474;34;2;1;1247;1011;[20-30);M
475;34;4;1;1112;953;[40-50);M
476;34;6;0;1319;651;[60-INF);H
477;35;2;1;1395;1121;[20-30);M
478;35;3;0;1532;1481;[30-40);H
479;35;6;1;2463;786;[60-INF);M
480;35;5;0;1049;986;[50-60);H
481;35;0;0;1016;0;[0-10);H
482;35;4;1;1299;1092;[40-50);M
483;35;1;1;929;130;[10-20);M
484;35;2;0;1393;1178;[20-30);H
485;35;3;1;1669;1470;[30-40);M
486;35;0;1;980;0;[0-10);M
487;35;4;0;1162;1115;[40-50);H
488;35;5;1;1262;971;[50-60);M
489;35;6;0;1569;859;[60-INF);H
490;35;1;0;886;140;[10-20);H
491;36;3;0;889;827;[30-40);H
492;36;2;1;815;606;[20-30);M
493;36;0;0;691;0;[0-10);H
494;36;6;0;1184;599;[60-INF);H
495;36;5;0;675;619;[50-60);H
496;36;4;1;792;597;[40-50);M
497;36;1;1;678;121;[10-20);M
498;36;3;1;937;745;[30-40);M
499;36;2;0;843;718;[20-30);H
500;36;4;0;791;748;[40-50);H
501;36;0;1;686;0;[0-10);M
502;36;5;1;795;559;[50-60);M
503;36;6;1;1833;500;[60-INF);M
504;36;1;0;668;139;[10-20);H
505;37;0;1;1208;0;[0-10);M
506;37;3;1;1147;776;[30-40);M
507;37;2;0;1057;871;[20-30);H
508;37;4;0;835;732;[40-50);H
509;37;1;1;1177;199;[10-20);M
510;37;6;0;1032;479;[60-INF);H
511;37;5;1;694;434;[50-60);M
512;37;0;0;1165;0;[0-10);H
513;37;2;1;1121;723;[20-30);M
514;37;4;1;896;619;[40-50);M
515;37;3;0;1111;968;[30-40);H
516;37;1;0;1205;240;[10-20);H
517;37;6;1;1684;446;[60-INF);M
518;37;5;0;603;516;[50-60);H
519;38;0;1;1890;0;[0-10);M
520;38;3;1;1514;1047;[30-40);M
521;38;1;1;1835;384;[10-20);M
522;38;6;1;856;247;[60-INF);M
523;38;2;0;2086;1798;[20-30);H
524;38;4;0;979;906;[40-50);H
525;38;5;1;679;443;[50-60);M
526;38;0;0;2056;0;[0-10);H
527;38;3;0;1477;1366;[30-40);H
528;38;1;0;1849;440;[10-20);H
529;38;2;1;2022;1253;[20-30);M
530;38;6;0;512;224;[60-INF);H
531;38;4;1;1016;728;[40-50);M
532;38;5;0;686;579;[50-60);H
533;39;3;0;1667;1565;[30-40);H
534;39;6;1;3082;949;[60-INF);M
535;39;5;0;1140;1063;[50-60);H
536;39;2;1;1745;1361;[20-30);M
537;39;1;0;1103;182;[10-20);H
538;39;0;0;1110;0;[0-10);H
539;39;4;1;1443;1218;[40-50);M
540;39;5;1;1406;1120;[50-60);M
541;39;3;1;1707;1451;[30-40);M
542;39;0;1;1017;0;[0-10);M
543;39;2;0;1680;1443;[20-30);H
544;39;1;1;1169;208;[10-20);M
545;39;6;0;1818;952;[60-INF);H
546;39;4;0;1253;1198;[40-50);H
547;40;5;0;971;888;[50-60);H
548;40;2;0;1368;1185;[20-30);H
549;40;4;1;1120;798;[40-50);M
550;40;1;0;1178;203;[10-20);H
551;40;0;0;1193;0;[0-10);H
552;40;6;1;2460;505;[60-INF);M
553;40;0;1;1102;0;[0-10);M
554;40;5;1;1183;754;[50-60);M
555;40;4;0;992;934;[40-50);H
556;40;3;0;1314;1246;[30-40);H
557;40;6;0;1590;684;[60-INF);H
558;40;3;1;1309;982;[30-40);M
559;40;1;1;1171;164;[10-20);M
560;40;2;1;1377;978;[20-30);M
561;41;6;0;1379;759;[60-INF);H
562;41;4;0;1078;1045;[40-50);H
563;41;5;1;1241;959;[50-60);M
564;41;2;0;1358;1189;[20-30);H
565;41;0;0;1007;0;[0-10);H
566;41;3;1;1441;1222;[30-40);M
567;41;1;1;1108;176;[10-20);M
568;41;0;1;1044;0;[0-10);M
569;41;2;1;1334;1060;[20-30);M
570;41;4;1;1281;1067;[40-50);M
571;41;5;0;968;904;[50-60);H
572;41;6;1;2248;646;[60-INF);M
573;41;1;0;1048;201;[10-20);H
574;41;3;0;1351;1300;[30-40);H
575;42;3;1;746;603;[30-40);M
576;42;6;0;992;500;[60-INF);H
577;42;5;1;700;517;[50-60);M
578;42;2;1;671;508;[20-30);M
579;42;4;0;597;560;[40-50);H
580;42;0;1;501;0;[0-10);M
581;42;1;0;545;80;[10-20);H
582;42;4;1;717;573;[40-50);M
583;42;2;0;675;559;[20-30);H
584;42;6;1;1439;347;[60-INF);M
585;42;3;0;663;634;[30-40);H
586;42;5;0;563;523;[50-60);H
587;42;1;1;528;83;[10-20);M
588;42;0;0;540;0;[0-10);H
589;43;0;0;1080;0;[0-10);H
590;43;5;0;933;860;[50-60);H
591;43;1;0;987;179;[10-20);H
592;43;4;1;1164;916;[40-50);M
593;43;2;1;1213;938;[20-30);M
594;43;6;1;2285;575;[60-INF);M
595;43;3;0;1318;1245;[30-40);H
596;43;5;1;1106;813;[50-60);M
597;43;1;1;983;135;[10-20);M
598;43;4;0;1037;1001;[40-50);H
599;43;6;0;1498;737;[60-INF);H
600;43;3;1;1389;1112;[30-40);M
601;43;2;0;1202;1031;[20-30);H
602;43;0;1;967;0;[0-10);M
603;44;5;0;519;474;[50-60);H
604;44;4;1;644;532;[40-50);M
605;44;1;1;545;96;[10-20);M
606;44;0;1;475;0;[0-10);M
607;44;3;1;792;656;[30-40);M
608;44;6;1;1248;357;[60-INF);M
609;44;2;0;741;632;[20-30);H
610;44;1;0;580;98;[10-20);H
611;44;4;0;581;548;[40-50);H
612;44;0;0;549;0;[0-10);H
613;44;5;1;618;472;[50-60);M
614;44;3;0;728;693;[30-40);H
615;44;6;0;755;401;[60-INF);H
616;44;2;1;683;533;[20-30);M
617;45;6;0;1058;493;[60-INF);H
618;45;4;0;758;718;[40-50);H
619;45;0;0;796;0;[0-10);H
620;45;5;1;733;509;[50-60);M
621;45;1;1;778;111;[10-20);M
622;45;2;0;953;801;[20-30);H
623;45;3;0;912;857;[30-40);H
624;45;0;1;773;0;[0-10);M
625;45;6;1;1702;344;[60-INF);M
626;45;1;0;775;131;[10-20);H
627;45;4;1;873;695;[40-50);M
628;45;3;1;922;732;[30-40);M
629;45;2;1;928;682;[20-30);M
630;45;5;0;622;567;[50-60);H
631;46;6;0;1188;605;[60-INF);H
632;46;0;0;678;0;[0-10);H
633;46;1;0;607;128;[10-20);H
634;46;5;1;942;757;[50-60);M
635;46;2;1;1348;1021;[20-30);M
636;46;4;0;855;785;[40-50);H
637;46;6;1;2222;690;[60-INF);M
638;46;0;1;642;0;[0-10);M
639;46;3;1;1258;1051;[30-40);M
640;46;1;1;610;119;[10-20);M
641;46;4;1;872;746;[40-50);M
642;46;3;0;1198;1129;[30-40);H
643;46;2;0;1222;1006;[20-30);H
644;46;5;0;695;616;[50-60);H
645;47;5;0;600;545;[50-60);H
646;47;3;1;923;741;[30-40);M
647;47;4;1;690;554;[40-50);M
648;47;1;0;617;106;[10-20);H
649;47;0;1;605;0;[0-10);M
650;47;2;1;734;566;[20-30);M
651;47;6;0;906;452;[60-INF);H
652;47;5;1;693;474;[50-60);M
653;47;3;0;862;833;[30-40);H
654;47;6;1;1519;382;[60-INF);M
655;47;1;1;608;103;[10-20);M
656;47;4;0;648;621;[40-50);H
657;47;2;0;754;659;[20-30);H
658;47;0;0;664;0;[0-10);H
659;48;5;0;345;274;[50-60);H
660;48;4;0;439;328;[40-50);H
661;48;2;0;681;531;[20-30);H
662;48;0;1;284;0;[0-10);M
663;48;6;1;639;244;[60-INF);M
664;48;1;1;325;67;[10-20);M
665;48;3;1;549;410;[30-40);M
666;48;5;1;317;246;[50-60);M
667;48;2;1;532;363;[20-30);M
668;48;4;1;408;310;[40-50);M
669;48;6;0;438;234;[60-INF);H
670;48;3;0;618;490;[30-40);H
671;48;0;0;338;0;[0-10);H
672;48;1;0;312;71;[10-20);H
673;49;2;0;1743;1486;[20-30);H
674;49;5;0;959;874;[50-60);H
675;49;0;0;1572;0;[0-10);H
676;49;6;1;1818;483;[60-INF);M
677;49;1;1;1602;255;[10-20);M
678;49;3;0;1416;1333;[30-40);H
679;49;4;0;1083;1018;[40-50);H
680;49;2;1;1720;1215;[20-30);M
681;49;5;1;1143;837;[50-60);M
682;49;0;1;1502;0;[0-10);M
683;49;1;0;1618;328;[10-20);H
684;49;6;0;1176;559;[60-INF);H
685;49;4;1;1176;932;[40-50);M
686;49;3;1;1511;1182;[30-40);M
687;50;3;0;1141;1089;[30-40);H
688;50;0;0;918;0;[0-10);H
689;50;2;0;1201;1017;[20-30);H
690;50;1;1;964;152;[10-20);M
691;50;6;0;1297;616;[60-INF);H
692;50;2;1;1190;917;[20-30);M
693;50;1;0;973;165;[10-20);H
694;50;4;1;1086;903;[40-50);M
695;50;5;1;1037;800;[50-60);M
696;50;3;1;1306;1099;[30-40);M
697;50;0;1;900;0;[0-10);M
698;50;4;0;923;878;[40-50);H
699;50;6;1;2162;608;[60-INF);M
700;50;5;0;829;774;[50-60);H
701;51;2;0;771;453;[20-30);H
702;51;3;1;526;317;[30-40);M
703;51;0;1;187;0;[0-10);M
704;51;6;0;496;218;[60-INF);H
705;51;1;0;238;53;[10-20);H
706;51;5;1;479;257;[50-60);M
707;51;4;0;470;279;[40-50);H
708;51;2;1;726;424;[20-30);M
709;51;3;0;646;360;[30-40);H
710;51;0;0;178;0;[0-10);H
711;51;6;1;713;226;[60-INF);M
712;51;4;1;458;265;[40-50);M
713;51;5;0;416;256;[50-60);H
714;51;1;1;248;52;[10-20);M
715;52;0;1;652;0;[0-10);M
716;52;2;0;1035;891;[20-30);H
717;52;3;1;1047;897;[30-40);M
718;52;6;1;1717;536;[60-INF);M
719;52;1;0;751;125;[10-20);H
720;52;5;0;747;692;[50-60);H
721;52;4;1;858;721;[40-50);M
722;52;0;0;741;0;[0-10);H
723;52;2;1;1054;804;[20-30);M
724;52;3;0;1034;977;[30-40);H
725;52;6;0;1047;573;[60-INF);H
726;52;5;1;895;660;[50-60);M
727;52;1;1;758;155;[10-20);M
728;52;4;0;775;731;[40-50);H
729;53;0;0;1188;0;[0-10);H
730;53;2;1;1889;1397;[20-30);M
731;53;3;0;1750;1610;[30-40);H
732;53;1;0;1242;272;[10-20);H
733;53;5;0;1202;1078;[50-60);H
734;53;4;1;1509;1226;[40-50);M
735;53;6;1;2801;841;[60-INF);M
736;53;1;1;1250;232;[10-20);M
737;53;0;1;1255;0;[0-10);M
738;53;2;0;1958;1592;[20-30);H
739;53;3;1;1819;1508;[30-40);M
740;53;6;0;1637;819;[60-INF);H
741;53;4;0;1377;1258;[40-50);H
742;53;5;1;1359;1076;[50-60);M
743;54;0;0;901;0;[0-10);H
744;54;2;1;1287;947;[20-30);M
745;54;1;0;884;145;[10-20);H
746;54;6;0;1023;511;[60-INF);H
747;54;4;1;1013;821;[40-50);M
748;54;3;0;1249;1156;[30-40);H
749;54;5;0;697;623;[50-60);H
750;54;0;1;932;0;[0-10);M
751;54;1;1;865;146;[10-20);M
752;54;2;0;1231;1031;[20-30);H
753;54;3;1;1420;1188;[30-40);M
754;54;4;0;937;872;[40-50);H
755;54;6;1;1661;505;[60-INF);M
756;54;5;1;912;686;[50-60);M
757;55;5;1;1923;1509;[50-60);M
758;55;1;1;1462;254;[10-20);M
759;55;2;0;2691;2259;[20-30);H
760;55;3;1;2579;2092;[30-40);M
761;55;0;1;1494;0;[0-10);M
762;55;6;0;2163;1174;[60-INF);H
763;55;4;0;1838;1691;[40-50);H
764;55;0;0;1622;0;[0-10);H
765;55;5;0;1555;1386;[50-60);H
766;55;3;0;2569;2401;[30-40);H
767;55;1;0;1577;336;[10-20);H
768;55;2;1;2708;2032;[20-30);M
769;55;6;1;3929;1329;[60-INF);M
770;55;4;1;2101;1757;[40-50);M
771;56;1;1;705;109;[10-20);M
772;56;5;1;757;585;[50-60);M
773;56;2;1;849;658;[20-30);M
774;56;4;0;737;703;[40-50);H
775;56;0;1;667;0;[0-10);M
776;56;6;1;1449;430;[60-INF);M
777;56;3;1;872;741;[30-40);M
778;56;4;1;827;674;[40-50);M
779;56;1;0;691;112;[10-20);H
780;56;2;0;875;764;[20-30);H
781;56;5;0;632;568;[50-60);H
782;56;0;0;651;0;[0-10);H
783;56;3;0;842;812;[30-40);H
784;56;6;0;864;458;[60-INF);H
785;57;5;0;571;543;[50-60);H
786;57;4;1;670;554;[40-50);M
787;57;0;0;508;0;[0-10);H
788;57;6;1;1610;438;[60-INF);M
789;57;3;0;785;766;[30-40);H
790;57;1;0;431;77;[10-20);H
791;57;2;0;660;590;[20-30);H
792;57;5;1;682;542;[50-60);M
793;57;4;0;577;553;[40-50);H
794;57;0;1;495;0;[0-10);M
795;57;1;1;480;77;[10-20);M
796;57;3;1;815;720;[30-40);M
797;57;6;0;952;526;[60-INF);H
798;57;2;1;662;520;[20-30);M
799;58;5;0;1342;1260;[50-60);H
800;58;0;0;1298;0;[0-10);H
801;58;4;1;1663;1404;[40-50);M
802;58;3;0;2093;2023;[30-40);H
803;58;2;0;1658;1412;[20-30);H
804;58;6;0;2271;1232;[60-INF);H
805;58;1;1;1081;154;[10-20);M
806;58;3;1;2378;2097;[30-40);M
807;58;5;1;1682;1341;[50-60);M
808;58;4;0;1384;1330;[40-50);H
809;58;1;0;948;134;[10-20);H
810;58;2;1;1960;1564;[20-30);M
811;58;6;1;3952;1189;[60-INF);M
812;58;0;1;1250;0;[0-10);M
813;59;5;1;1188;904;[50-60);M
814;59;1;1;985;143;[10-20);M
815;59;6;0;1482;781;[60-INF);H
816;59;4;0;1123;1080;[40-50);H
817;59;3;1;1531;1312;[30-40);M
818;59;0;1;890;0;[0-10);M
819;59;1;0;995;154;[10-20);H
820;59;2;0;1403;1197;[20-30);H
821;59;4;1;1231;1021;[40-50);M
822;59;5;0;952;881;[50-60);H
823;59;6;1;2428;737;[60-INF);M
824;59;2;1;1387;1104;[20-30);M
825;59;3;0;1377;1302;[30-40);H
826;59;0;0;922;0;[0-10);H
827;60;0;0;1059;0;[0-10);H
828;60;1;0;1162;196;[10-20);H
829;60;3;1;2208;1815;[30-40);M
830;60;2;1;3105;2259;[20-30);M
831;60;5;1;1945;1495;[50-60);M
832;60;4;0;1482;1300;[40-50);H
833;60;4;1;1697;1394;[40-50);M
834;60;5;0;1515;1350;[50-60);H
835;60;6;0;2738;1693;[60-INF);H
836;60;0;1;1016;0;[0-10);M
837;60;2;0;2762;2087;[20-30);H
838;60;1;1;1356;225;[10-20);M
839;60;3;0;2044;1839;[30-40);H
840;60;6;1;4380;1755;[60-INF);M
841;61;6;1;5189;1608;[60-INF);M
842;61;0;1;1469;0;[0-10);M
843;61;1;0;1459;214;[10-20);H
844;61;5;0;1615;1502;[50-60);H
845;61;2;1;2550;2007;[20-30);M
846;61;3;1;2882;2542;[30-40);M
847;61;4;1;2122;1801;[40-50);M
848;61;6;0;2965;1597;[60-INF);H
849;61;0;0;1524;0;[0-10);H
850;61;5;1;2187;1716;[50-60);M
851;61;4;0;1785;1687;[40-50);H
852;61;1;1;1364;202;[10-20);M
853;61;2;0;2232;1839;[20-30);H
854;61;3;0;2498;2387;[30-40);H
855;62;6;1;1602;498;[60-INF);M
856;62;0;1;3411;0;[0-10);M
857;62;1;1;3095;529;[10-20);M
858;62;5;0;1132;978;[50-60);H
859;62;4;1;1851;1274;[40-50);M
860;62;3;0;2511;2310;[30-40);H
861;62;2;0;3611;3067;[20-30);H
862;62;6;0;1069;569;[60-INF);H
863;62;0;0;3531;0;[0-10);H
864;62;2;1;3485;2063;[20-30);M
865;62;1;0;3056;706;[10-20);H
866;62;5;1;1284;814;[50-60);M
867;62;3;1;2609;1711;[30-40);M
868;62;4;0;1643;1492;[40-50);H
869;63;5;1;1135;747;[50-60);M
870;63;3;0;1734;1587;[30-40);H
871;63;2;0;2132;1800;[20-30);H
872;63;1;1;1943;296;[10-20);M
873;63;0;0;2039;0;[0-10);H
874;63;4;0;1364;1247;[40-50);H
875;63;6;1;2051;559;[60-INF);M
876;63;5;0;1028;901;[50-60);H
877;63;3;1;1854;1288;[30-40);M
878;63;1;0;2057;426;[10-20);H
879;63;2;1;2041;1307;[20-30);M
880;63;6;0;1365;658;[60-INF);H
881;63;4;1;1475;1017;[40-50);M
882;63;0;1;1920;0;[0-10);M
883;64;5;1;1487;1033;[50-60);M
884;64;3;1;2879;2043;[30-40);M
885;64;2;1;3998;2724;[20-30);M
886;64;0;0;3437;0;[0-10);H
887;64;4;1;2086;1521;[40-50);M
888;64;1;0;3052;652;[10-20);H
889;64;5;0;1280;1124;[50-60);H
890;64;6;0;1415;684;[60-INF);H
891;64;4;0;1909;1730;[40-50);H
892;64;3;0;2775;2567;[30-40);H
893;64;6;1;2092;562;[60-INF);M
894;64;2;0;3859;3327;[20-30);H
895;64;1;1;3083;575;[10-20);M
896;64;0;1;3321;0;[0-10);M
897;65;0;1;608;0;[0-10);M
898;65;3;1;841;645;[30-40);M
899;65;2;0;809;708;[20-30);H
900;65;5;1;636;431;[50-60);M
901;65;6;0;971;452;[60-INF);H
902;65;1;0;706;119;[10-20);H
903;65;4;1;696;550;[40-50);M
904;65;0;0;648;0;[0-10);H
905;65;2;1;791;593;[20-30);M
906;65;3;0;783;733;[30-40);H
907;65;1;1;666;93;[10-20);M
908;65;6;1;1457;312;[60-INF);M
909;65;5;0;557;508;[50-60);H
910;65;4;0;666;627;[40-50);H
911;66;0;1;1498;0;[0-10);M
912;66;3;1;3429;3008;[30-40);M
913;66;2;1;4298;3165;[20-30);M
914;66;3;0;3191;2997;[30-40);H
915;66;6;1;6007;2146;[60-INF);M
916;66;1;1;1730;247;[10-20);M
917;66;5;0;1884;1764;[50-60);H
918;66;4;0;2068;1950;[40-50);H
919;66;0;0;1442;0;[0-10);H
920;66;2;0;3833;2958;[20-30);H
921;66;6;0;3217;1861;[60-INF);H
922;66;5;1;2629;2154;[50-60);M
923;66;4;1;2463;2145;[40-50);M
924;66;1;0;1653;278;[10-20);H
925;67;0;0;1295;0;[0-10);H
926;67;3;0;2510;2306;[30-40);H
927;67;6;1;4707;1642;[60-INF);M
928;67;1;1;1440;205;[10-20);M
929;67;2;1;4285;2962;[20-30);M
930;67;4;1;1860;1581;[40-50);M
931;67;5;0;1394;1263;[50-60);H
932;67;6;0;2567;1475;[60-INF);H
933;67;3;1;2764;2363;[30-40);M
934;67;1;0;1280;176;[10-20);H
935;67;0;1;1174;0;[0-10);M
936;67;4;0;1442;1357;[40-50);H
937;67;2;0;3407;2505;[20-30);H
938;67;5;1;2015;1569;[50-60);M
939;68;3;0;940;863;[30-40);H
940;68;0;0;629;0;[0-10);H
941;68;1;0;612;99;[10-20);H
942;68;6;0;916;512;[60-INF);H
943;68;2;0;1027;858;[20-30);H
944;68;4;0;700;644;[40-50);H
945;68;5;1;786;609;[50-60);M
946;68;0;1;573;0;[0-10);M
947;68;3;1;995;855;[30-40);M
948;68;1;1;602;106;[10-20);M
949;68;6;1;1608;541;[60-INF);M
950;68;2;1;1117;872;[20-30);M
951;68;4;1;818;665;[40-50);M
952;68;5;0;579;533;[50-60);H
953;69;0;1;1444;0;[0-10);M
954;69;3;1;2597;2192;[30-40);M
955;69;4;0;1708;1617;[40-50);H
956;69;5;1;1959;1609;[50-60);M
957;69;1;1;1287;188;[10-20);M
958;69;2;0;2119;1635;[20-30);H
959;69;6;0;3006;2051;[60-INF);H
960;69;4;1;1992;1659;[40-50);M
961;69;0;0;1457;0;[0-10);H
962;69;2;1;2634;1987;[20-30);M
963;69;5;0;1484;1396;[50-60);H
964;69;3;0;2162;2008;[30-40);H
965;69;1;0;1280;216;[10-20);H
966;69;6;1;4442;1865;[60-INF);M
967;70;3;1;794;657;[30-40);M
968;70;4;1;630;523;[40-50);M
969;70;1;1;541;75;[10-20);M
970;70;0;1;518;0;[0-10);M
971;70;6;1;1155;379;[60-INF);M
972;70;5;0;508;479;[50-60);H
973;70;1;0;503;84;[10-20);H
974;70;2;1;734;538;[20-30);M
975;70;3;0;673;638;[30-40);H
976;70;4;0;519;496;[40-50);H
977;70;5;1;572;444;[50-60);M
978;70;0;0;535;0;[0-10);H
979;70;6;0;729;392;[60-INF);H
980;70;2;0;611;532;[20-30);H
981;71;1;0;673;110;[10-20);H
982;71;2;1;742;560;[20-30);M
983;71;4;1;760;610;[40-50);M
984;71;3;0;788;753;[30-40);H
985;71;0;0;613;0;[0-10);H
986;71;6;1;1383;311;[60-INF);M
987;71;5;0;634;593;[50-60);H
988;71;5;1;719;513;[50-60);M
989;71;6;0;918;445;[60-INF);H
990;71;4;0;657;622;[40-50);H
991;71;1;1;632;105;[10-20);M
992;71;2;0;792;681;[20-30);H
993;71;3;1;799;639;[30-40);M
994;71;0;1;618;0;[0-10);M
995;72;2;0;1387;1198;[20-30);H
996;72;1;0;959;161;[10-20);H
997;72;0;0;926;0;[0-10);H
998;72;4;0;1134;1086;[40-50);H
999;72;3;0;1482;1424;[30-40);H
1000;72;6;0;1409;742;[60-INF);H
1001;72;2;1;1495;1205;[20-30);M
1002;72;5;1;1099;835;[50-60);M
1003;72;1;1;964;160;[10-20);M
1004;72;0;1;850;0;[0-10);M
1005;72;5;0;948;883;[50-60);H
1006;72;4;1;1198;980;[40-50);M
1007;72;6;1;2287;664;[60-INF);M
1008;72;3;1;1526;1316;[30-40);M
1009;73;5;1;1748;1345;[50-60);M
1010;73;4;0;1507;1452;[40-50);H
1011;73;0;1;1256;0;[0-10);M
1012;73;3;1;2391;2105;[30-40);M
1013;73;6;0;2216;1248;[60-INF);H
1014;73;1;1;1172;140;[10-20);M
1015;73;2;1;1916;1504;[20-30);M
1016;73;4;1;1681;1448;[40-50);M
1017;73;0;0;1295;0;[0-10);H
1018;73;3;0;2088;2010;[30-40);H
1019;73;6;1;3716;1067;[60-INF);M
1020;73;1;0;1118;156;[10-20);H
1021;73;2;0;1730;1416;[20-30);H
1022;73;5;0;1405;1335;[50-60);H
1023;74;0;1;1034;0;[0-10);M
1024;74;3;1;1433;1180;[30-40);M
1025;74;2;1;1504;1173;[20-30);M
1026;74;1;0;947;169;[10-20);H
1027;74;6;1;2378;614;[60-INF);M
1028;74;5;1;1089;844;[50-60);M
1029;74;0;0;1049;0;[0-10);H
1030;74;5;0;903;832;[50-60);H
1031;74;4;1;1132;930;[40-50);M
1032;74;3;0;1382;1324;[30-40);H
1033;74;1;1;957;146;[10-20);M
1034;74;4;0;973;921;[40-50);H
1035;74;2;0;1373;1207;[20-30);H
1036;74;6;0;1435;712;[60-INF);H
1037;75;1;0;2565;566;[10-20);H
1038;75;4;1;1584;1179;[40-50);M
1039;75;2;0;2948;2555;[20-30);H
1040;75;3;1;2245;1569;[30-40);M
1041;75;5;0;961;812;[50-60);H
1042;75;6;1;1360;363;[60-INF);M
1043;75;0;0;2548;0;[0-10);H
1044;75;1;1;2598;445;[10-20);M
1045;75;4;0;1436;1305;[40-50);H
1046;75;2;1;2885;1896;[20-30);M
1047;75;3;0;2183;1979;[30-40);H
1048;75;5;1;1096;736;[50-60);M
1049;75;6;0;976;470;[60-INF);H
1050;75;0;1;2574;0;[0-10);M
1051;76;1;1;973;128;[10-20);M
1052;76;4;1;1459;1211;[40-50);M
1053;76;0;1;1177;0;[0-10);M
1054;76;2;0;1664;1467;[20-30);H
1055;76;5;0;1069;1003;[50-60);H
1056;76;6;0;1828;938;[60-INF);H
1057;76;3;0;2072;2001;[30-40);H
1058;76;1;0;1071;199;[10-20);H
1059;76;2;1;1757;1464;[20-30);M
1060;76;6;1;2916;830;[60-INF);M
1061;76;5;1;1294;975;[50-60);M
1062;76;4;0;1285;1236;[40-50);H
1063;76;0;0;1260;0;[0-10);H
1064;76;3;1;2195;1937;[30-40);M
1065;77;6;0;1280;644;[60-INF);H
1066;77;2;1;1496;1159;[20-30);M
1067;77;0;0;942;0;[0-10);H
1068;77;1;1;921;145;[10-20);M
1069;77;4;0;1100;1039;[40-50);H
1070;77;3;0;1635;1508;[30-40);H
1071;77;5;1;1081;858;[50-60);M
1072;77;0;1;916;0;[0-10);M
1073;77;2;0;1438;1221;[20-30);H
1074;77;6;1;2064;622;[60-INF);M
1075;77;3;1;1673;1446;[30-40);M
1076;77;4;1;1229;1031;[40-50);M
1077;77;1;0;1002;195;[10-20);H
1078;77;5;0;919;832;[50-60);H
1079;78;2;1;2685;1898;[20-30);M
1080;78;0;0;1303;0;[0-10);H
1081;78;6;1;5647;2325;[60-INF);M
1082;78;3;1;2089;1618;[30-40);M
1083;78;5;1;2419;1828;[50-60);M
1084;78;1;0;1386;196;[10-20);H
1085;78;4;0;1565;1389;[40-50);H
1086;78;2;0;2218;1588;[20-30);H
1087;78;0;1;1225;0;[0-10);M
1088;78;1;1;1456;239;[10-20);M
1089;78;6;0;3838;2717;[60-INF);H
1090;78;5;0;1750;1566;[50-60);H
1091;78;3;0;1659;1418;[30-40);H
1092;78;4;1;2012;1569;[40-50);M
1093;79;5;0;1205;1142;[50-60);H
1094;79;2;0;1693;1388;[20-30);H
1095;79;3;1;2157;1923;[30-40);M
1096;79;1;0;1076;152;[10-20);H
1097;79;2;1;1909;1527;[20-30);M
1098;79;0;1;1077;0;[0-10);M
1099;79;6;0;2464;1382;[60-INF);H
1100;79;4;1;1672;1422;[40-50);M
1101;79;3;0;1777;1712;[30-40);H
1102;79;5;1;1756;1391;[50-60);M
1103;79;1;1;1113;156;[10-20);M
1104;79;4;0;1354;1298;[40-50);H
1105;79;0;0;1157;0;[0-10);H
1106;79;6;1;4500;1342;[60-INF);M
1107;80;5;0;1354;1260;[50-60);H
1108;80;2;0;1715;1472;[20-30);H
1109;80;3;0;1896;1797;[30-40);H
1110;80;4;0;1447;1386;[40-50);H
1111;80;6;1;3408;827;[60-INF);M
1112;80;0;1;1412;0;[0-10);M
1113;80;1;1;1465;210;[10-20);M
1114;80;5;1;1688;1220;[50-60);M
1115;80;4;1;1689;1373;[40-50);M
1116;80;3;1;2077;1735;[30-40);M
1117;80;6;0;2174;1094;[60-INF);H
1118;80;2;1;1766;1421;[20-30);M
1119;80;0;0;1417;0;[0-10);H
1120;80;1;0;1529;263;[10-20);H
1121;81;0;0;528;0;[0-10);H
1122;81;2;1;647;536;[20-30);M
1123;81;3;0;722;688;[30-40);H
1124;81;4;1;681;547;[40-50);M
1125;81;6;1;1317;344;[60-INF);M
1126;81;1;1;527;68;[10-20);M
1127;81;5;0;518;482;[50-60);H
1128;81;2;0;676;591;[20-30);H
1129;81;0;1;491;0;[0-10);M
1130;81;3;1;737;629;[30-40);M
1131;81;4;0;578;544;[40-50);H
1132;81;5;1;624;458;[50-60);M
1133;81;6;0;866;446;[60-INF);H
1134;81;1;0;580;94;[10-20);H
1135;82;0;0;1494;0;[0-10);H
1136;82;4;1;1788;1432;[40-50);M
1137;82;3;1;2408;2017;[30-40);M
1138;82;6;0;2537;1263;[60-INF);H
1139;82;1;0;1376;252;[10-20);H
1140;82;5;1;1804;1280;[50-60);M
1141;82;2;0;1865;1622;[20-30);H
1142;82;4;0;1701;1634;[40-50);H
1143;82;0;1;1467;0;[0-10);M
1144;82;2;1;1979;1604;[20-30);M
1145;82;6;1;4002;1061;[60-INF);M
1146;82;3;0;2309;2225;[30-40);H
1147;82;5;0;1561;1480;[50-60);H
1148;82;1;1;1386;192;[10-20);M
1149;83;0;1;830;0;[0-10);M
1150;83;6;0;1596;839;[60-INF);H
1151;83;1;0;900;161;[10-20);H
1152;83;2;0;1197;1002;[20-30);H
1153;83;3;1;1556;1367;[30-40);M
1154;83;4;0;1119;1070;[40-50);H
1155;83;5;1;1181;893;[50-60);M
1156;83;2;1;1192;949;[20-30);M
1157;83;6;1;2490;732;[60-INF);M
1158;83;0;0;946;0;[0-10);H
1159;83;1;1;794;139;[10-20);M
1160;83;5;0;987;924;[50-60);H
1161;83;3;0;1384;1324;[30-40);H
1162;83;4;1;1153;958;[40-50);M
1163;84;6;1;2677;866;[60-INF);M
1164;84;0;1;861;0;[0-10);M
1165;84;1;1;804;95;[10-20);M
1166;84;2;1;1668;1252;[20-30);M
1167;84;5;0;884;816;[50-60);H
1168;84;3;0;1471;1368;[30-40);H
1169;84;4;1;1254;1053;[40-50);M
1170;84;6;0;1664;961;[60-INF);H
1171;84;0;0;806;0;[0-10);H
1172;84;2;0;1393;1058;[20-30);H
1173;84;5;1;1209;938;[50-60);M
1174;84;1;0;736;100;[10-20);H
1175;84;4;0;1061;1010;[40-50);H
1176;84;3;1;1721;1462;[30-40);M
1177;85;1;0;787;111;[10-20);H
1178;85;0;0;680;0;[0-10);H
1179;85;4;1;900;737;[40-50);M
1180;85;5;0;708;664;[50-60);H
1181;85;2;1;895;667;[20-30);M
1182;85;6;1;1557;527;[60-INF);M
1183;85;3;0;836;794;[30-40);H
1184;85;1;1;667;75;[10-20);M
1185;85;0;1;615;0;[0-10);M
1186;85;5;1;886;685;[50-60);M
1187;85;4;0;793;753;[40-50);H
1188;85;2;0;891;682;[20-30);H
1189;85;6;0;1162;700;[60-INF);H
1190;85;3;1;956;817;[30-40);M
1191;86;1;0;2407;603;[10-20);H
1192;86;4;0;1398;1225;[40-50);H
1193;86;5;1;688;455;[50-60);M
1194;86;0;0;3102;0;[0-10);H
1195;86;2;0;3604;3140;[20-30);H
1196;86;6;0;306;170;[60-INF);H
1197;86;1;1;2441;457;[10-20);M
1198;86;0;1;3024;0;[0-10);M
1199;86;4;1;1322;932;[40-50);M
1200;86;5;0;635;530;[50-60);H
1201;86;6;1;323;124;[60-INF);M
1202;86;3;0;2487;2271;[30-40);H
1203;86;2;1;3422;2159;[20-30);M
1204;86;3;1;2314;1462;[30-40);M
1205;87;1;1;1128;156;[10-20);M
1206;87;4;0;1317;1239;[40-50);H
1207;87;5;1;1709;1308;[50-60);M
1208;87;6;0;2387;1254;[60-INF);H
1209;87;3;1;1805;1541;[30-40);M
1210;87;0;1;1033;0;[0-10);M
1211;87;2;0;1536;1296;[20-30);H
1212;87;1;0;1133;212;[10-20);H
1213;87;4;1;1570;1293;[40-50);M
1214;87;6;1;4184;1088;[60-INF);M
1215;87;5;0;1235;1129;[50-60);H
1216;87;3;0;1659;1556;[30-40);H
1217;87;2;1;1745;1385;[20-30);M
1218;87;0;0;1089;0;[0-10);H
1219;88;1;1;1270;207;[10-20);M
1220;88;2;1;2194;1637;[20-30);M
1221;88;0;1;1326;0;[0-10);M
1222;88;4;1;1633;1352;[40-50);M
1223;88;5;0;1452;1281;[50-60);H
1224;88;6;1;3507;1075;[60-INF);M
1225;88;3;1;2151;1781;[30-40);M
1226;88;2;0;2222;1755;[20-30);H
1227;88;1;0;1311;270;[10-20);H
1228;88;4;0;1471;1330;[40-50);H
1229;88;5;1;1523;1193;[50-60);M
1230;88;6;0;2023;1054;[60-INF);H
1231;88;0;0;1262;0;[0-10);H
1232;88;3;0;2169;1958;[30-40);H
1233;89;1;0;601;87;[10-20);H
1234;89;0;0;486;0;[0-10);H
1235;89;4;1;833;658;[40-50);M
1236;89;2;0;1527;1084;[20-30);H
1237;89;5;0;660;584;[50-60);H
1238;89;6;1;2419;841;[60-INF);M
1239;89;3;0;940;811;[30-40);H
1240;89;2;1;1927;1304;[20-30);M
1241;89;0;1;503;0;[0-10);M
1242;89;1;1;600;82;[10-20);M
1243;89;5;1;946;714;[50-60);M
1244;89;4;0;604;536;[40-50);H
1245;89;3;1;1090;863;[30-40);M
1246;89;6;0;1333;747;[60-INF);H
1247;90;3;0;1754;1702;[30-40);H
1248;90;0;0;1095;0;[0-10);H
1249;90;1;1;938;116;[10-20);M
1250;90;2;0;1352;1173;[20-30);H
1251;90;5;1;1372;1035;[50-60);M
1252;90;6;0;1949;1023;[60-INF);H
1253;90;4;0;1213;1167;[40-50);H
1254;90;3;1;1932;1676;[30-40);M
1255;90;0;1;1108;0;[0-10);M
1256;90;1;0;930;144;[10-20);H
1257;90;2;1;1458;1224;[20-30);M
1258;90;4;1;1321;1079;[40-50);M
1259;90;6;1;3205;768;[60-INF);M
1260;90;5;0;1021;974;[50-60);H
1261;91;1;1;557;73;[10-20);M
1262;91;3;0;827;784;[30-40);H
1263;91;6;0;1014;495;[60-INF);H
1264;91;2;1;720;548;[20-30);M
1265;91;0;1;524;0;[0-10);M
1266;91;6;1;1578;376;[60-INF);M
1267;91;5;1;734;541;[50-60);M
1268;91;4;0;621;577;[40-50);H
1269;91;1;0;590;120;[10-20);H
1270;91;2;0;824;703;[20-30);H
1271;91;3;1;876;748;[30-40);M
1272;91;0;0;603;0;[0-10);H
1273;91;4;1;707;578;[40-50);M
1274;91;5;0;615;568;[50-60);H
1275;92;1;0;766;109;[10-20);H
1276;92;6;1;2000;470;[60-INF);M
1277;92;2;1;1050;861;[20-30);M
1278;92;3;1;1326;1128;[30-40);M
1279;92;0;1;858;0;[0-10);M
1280;92;4;1;1035;828;[40-50);M
1281;92;5;0;876;801;[50-60);H
1282;92;1;1;720;106;[10-20);M
1283;92;2;0;1048;895;[20-30);H
1284;92;6;0;1335;667;[60-INF);H
1285;92;3;0;1332;1262;[30-40);H
1286;92;4;0;950;908;[40-50);H
1287;92;0;0;823;0;[0-10);H
1288;92;5;1;973;697;[50-60);M
1289;93;5;0;543;499;[50-60);H
1290;93;2;0;648;543;[20-30);H
1291;93;6;1;1223;286;[60-INF);M
1292;93;4;1;575;454;[40-50);M
1293;93;0;1;461;0;[0-10);M
1294;93;3;1;601;475;[30-40);M
1295;93;1;0;513;86;[10-20);H
1296;93;4;0;541;504;[40-50);H
1297;93;2;1;536;407;[20-30);M
1298;93;3;0;561;520;[30-40);H
1299;93;6;0;863;403;[60-INF);H
1300;93;0;0;435;0;[0-10);H
1301;93;1;1;471;62;[10-20);M
1302;93;5;1;606;421;[50-60);M
1303;94;6;0;2206;1263;[60-INF);H
1304;94;2;0;1865;1577;[20-30);H
1305;94;4;0;1800;1736;[40-50);H
1306;94;3;0;2443;2368;[30-40);H
1307;94;4;1;1875;1617;[40-50);M
1308;94;0;0;1527;0;[0-10);H
1309;94;1;1;1191;187;[10-20);M
1310;94;6;1;3613;1167;[60-INF);M
1311;94;2;1;2053;1698;[20-30);M
1312;94;5;0;1428;1341;[50-60);H
1313;94;5;1;1743;1397;[50-60);M
1314;94;1;0;1298;189;[10-20);H
1315;94;0;1;1432;0;[0-10);M
1316;94;3;1;2743;2445;[30-40);M
1317;95;5;1;1522;1215;[50-60);M
1318;95;4;0;1387;1340;[40-50);H
1319;95;0;0;1227;0;[0-10);H
1320;95;6;0;2031;1154;[60-INF);H
1321;95;2;1;2108;1664;[20-30);M
1322;95;3;0;2197;2104;[30-40);H
1323;95;6;1;3456;1075;[60-INF);M
1324;95;1;1;986;148;[10-20);M
1325;95;4;1;1558;1336;[40-50);M
1326;95;2;0;1716;1445;[20-30);H
1327;95;3;1;2482;2209;[30-40);M
1328;95;5;0;1110;1024;[50-60);H
1329;95;0;1;1192;0;[0-10);M
1330;95;1;0;1030;139;[10-20);H
1331;96;4;1;1721;1436;[40-50);M
1332;96;3;1;1759;1506;[30-40);M
1333;96;5;1;1859;1458;[50-60);M
1334;96;2;1;1975;1492;[20-30);M
1335;96;6;0;2733;1798;[60-INF);H
1336;96;1;0;1259;163;[10-20);H
1337;96;5;0;1416;1353;[50-60);H
1338;96;0;0;1137;0;[0-10);H
1339;96;3;0;1404;1364;[30-40);H
1340;96;4;0;1275;1238;[40-50);H
1341;96;6;1;4051;1446;[60-INF);M
1342;96;2;0;1657;1249;[20-30);H
1343;96;0;1;1128;0;[0-10);M
1344;96;1;1;1341;175;[10-20);M
1345;97;4;0;601;571;[40-50);H
1346;97;0;1;553;0;[0-10);M
1347;97;2;0;723;631;[20-30);H
1348;97;6;0;1143;516;[60-INF);H
1349;97;1;0;590;87;[10-20);H
1350;97;3;1;758;609;[30-40);M
1351;97;5;1;679;438;[50-60);M
1352;97;2;1;734;576;[20-30);M
1353;97;4;1;717;544;[40-50);M
1354;97;0;0;590;0;[0-10);H
1355;97;5;0;596;549;[50-60);H
1356;97;6;1;1769;367;[60-INF);M
1357;97;1;1;555;73;[10-20);M
1358;97;3;0;713;682;[30-40);H
1359;98;2;1;771;572;[20-30);M
1360;98;6;1;1480;331;[60-INF);M
1361;98;4;0;605;574;[40-50);H
1362;98;0;1;707;0;[0-10);M
1363;98;1;1;675;120;[10-20);M
1364;98;5;0;620;572;[50-60);H
1365;98;3;0;811;775;[30-40);H
1366;98;4;1;687;504;[40-50);M
1367;98;2;0;837;729;[20-30);H
1368;98;0;0;695;0;[0-10);H
1369;98;6;0;953;459;[60-INF);H
1370;98;1;0;627;115;[10-20);H
1371;98;3;1;843;657;[30-40);M
1372;98;5;1;710;489;[50-60);M
1373;99;1;1;558;83;[10-20);M
1374;99;6;1;1374;284;[60-INF);M
1375;99;0;0;590;0;[0-10);H
1376;99;2;1;686;495;[20-30);M
1377;99;3;0;749;688;[30-40);H
1378;99;4;1;672;484;[40-50);M
1379;99;5;0;534;469;[50-60);H
1380;99;1;0;522;87;[10-20);H
1381;99;3;1;767;586;[30-40);M
1382;99;0;1;493;0;[0-10);M
1383;99;6;0;861;378;[60-INF);H
1384;99;2;0;619;510;[20-30);H
1385;99;4;0;601;553;[40-50);H
1386;99;5;1;612;401;[50-60);M
1387;100;0;0;830;0;[0-10);H
1388;100;1;0;1028;166;[10-20);H
1389;100;6;0;1323;650;[60-INF);H
1390;100;3;1;1038;860;[30-40);M
1391;100;5;1;1001;721;[50-60);M
1392;100;4;0;887;853;[40-50);H
1393;100;0;1;769;0;[0-10);M
1394;100;1;1;891;142;[10-20);M
1395;100;6;1;1998;523;[60-INF);M
1396;100;2;0;1065;888;[20-30);H
1397;100;3;0;960;919;[30-40);H
1398;100;2;1;1033;775;[20-30);M
1399;100;5;0;860;800;[50-60);H
1400;100;4;1;980;785;[40-50);M
1401;101;5;1;1127;772;[50-60);M
1402;101;0;1;941;0;[0-10);M
1403;101;1;1;881;122;[10-20);M
1404;101;4;0;1040;977;[40-50);H
1405;101;6;0;1549;734;[60-INF);H
1406;101;3;1;1261;1019;[30-40);M
1407;101;2;0;1079;931;[20-30);H
1408;101;4;1;1139;881;[40-50);M
1409;101;0;0;903;0;[0-10);H
1410;101;5;0;969;887;[50-60);H
1411;101;1;0;966;160;[10-20);H
1412;101;3;0;1206;1143;[30-40);H
1413;101;6;1;2224;541;[60-INF);M
1414;101;2;1;1178;909;[20-30);M
1415;102;5;0;1535;1439;[50-60);H
1416;102;4;1;1933;1623;[40-50);M
1417;102;0;1;1268;0;[0-10);M
1418;102;1;1;1328;197;[10-20);M
1419;102;2;1;2591;2059;[20-30);M
1420;102;3;0;2345;2229;[30-40);H
1421;102;6;1;4288;1385;[60-INF);M
1422;102;5;1;2038;1637;[50-60);M
1423;102;4;0;1572;1499;[40-50);H
1424;102;0;0;1330;0;[0-10);H
1425;102;1;0;1356;213;[10-20);H
1426;102;2;0;2363;1975;[20-30);H
1427;102;6;0;2399;1321;[60-INF);H
1428;102;3;1;2671;2358;[30-40);M
1429;103;1;0;1396;253;[10-20);H
1430;103;3;0;2626;2474;[30-40);H
1431;103;2;1;2718;2119;[20-30);M
1432;103;0;0;1551;0;[0-10);H
1433;103;6;1;4508;1452;[60-INF);M
1434;103;5;0;1478;1350;[50-60);H
1435;103;4;1;2028;1725;[40-50);M
1436;103;1;1;1425;239;[10-20);M
1437;103;3;1;3024;2643;[30-40);M
1438;103;6;0;2462;1339;[60-INF);H
1439;103;2;0;2487;2072;[20-30);H
1440;103;5;1;2123;1664;[50-60);M
1441;103;4;0;1747;1647;[40-50);H
1442;103;0;1;1441;0;[0-10);M
1443;104;3;1;1531;1297;[30-40);M
1444;104;1;1;843;126;[10-20);M
1445;104;6;0;1479;781;[60-INF);H
1446;104;4;0;978;938;[40-50);H
1447;104;5;1;1198;923;[50-60);M
1448;104;0;0;923;0;[0-10);H
1449;104;2;0;1280;1102;[20-30);H
1450;104;3;0;1368;1305;[30-40);H
1451;104;1;0;875;139;[10-20);H
1452;104;6;1;2456;719;[60-INF);M
1453;104;5;0;936;861;[50-60);H
1454;104;4;1;1146;961;[40-50);M
1455;104;0;1;877;0;[0-10);M
1456;104;2;1;1326;1088;[20-30);M
1457;105;0;1;342;0;[0-10);M
1458;105;1;0;369;85;[10-20);H
1459;105;2;1;725;565;[20-30);M
1460;105;3;1;641;556;[30-40);M
1461;105;4;0;460;432;[40-50);H
1462;105;6;0;575;315;[60-INF);H
1463;105;1;1;398;69;[10-20);M
1464;105;5;1;491;394;[50-60);M
1465;105;6;1;1045;330;[60-INF);M
1466;105;0;0;381;0;[0-10);H
1467;105;2;0;677;558;[20-30);H
1468;105;5;0;418;392;[50-60);H
1469;105;3;0;661;611;[30-40);H
1470;105;4;1;572;490;[40-50);M
1471;106;0;0;1709;0;[0-10);H
1472;106;3;1;2516;2106;[30-40);M
1473;106;6;1;4079;1354;[60-INF);M
1474;106;2;1;3725;2696;[20-30);M
1475;106;5;0;1426;1296;[50-60);H
1476;106;4;1;2027;1673;[40-50);M
1477;106;3;0;2353;2201;[30-40);H
1478;106;1;0;1675;265;[10-20);H
1479;106;1;1;1714;265;[10-20);M
1480;106;6;0;2200;1210;[60-INF);H
1481;106;4;0;1626;1507;[40-50);H
1482;106;5;1;1892;1538;[50-60);M
1483;106;0;1;1647;0;[0-10);M
1484;106;2;0;3368;2566;[20-30);H
1485;107;3;1;888;721;[30-40);M
1486;107;6;1;1691;384;[60-INF);M
1487;107;1;0;615;127;[10-20);H
1488;107;2;0;752;657;[20-30);H
1489;107;5;0;650;605;[50-60);H
1490;107;0;0;658;0;[0-10);H
1491;107;4;1;716;558;[40-50);M
1492;107;2;1;737;595;[20-30);M
1493;107;3;0;804;766;[30-40);H
1494;107;6;0;1074;519;[60-INF);H
1495;107;1;1;661;108;[10-20);M
1496;107;5;1;747;526;[50-60);M
1497;107;0;1;622;0;[0-10);M
1498;107;4;0;686;665;[40-50);H
1499;108;2;0;799;675;[20-30);H
1500;108;1;1;605;91;[10-20);M
1501;108;6;0;937;486;[60-INF);H
1502;108;4;0;558;512;[40-50);H
1503;108;5;1;805;562;[50-60);M
1504;108;0;0;598;0;[0-10);H
1505;108;3;0;845;801;[30-40);H
1506;108;1;0;657;112;[10-20);H
1507;108;6;1;1509;397;[60-INF);M
1508;108;2;1;809;633;[20-30);M
1509;108;4;1;738;574;[40-50);M
1510;108;5;0;638;586;[50-60);H
1511;108;0;1;609;0;[0-10);M
1512;108;3;1;897;728;[30-40);M
1513;109;5;1;567;425;[50-60);M
1514;109;4;0;566;531;[40-50);H
1515;109;2;1;692;528;[20-30);M
1516;109;3;0;696;659;[30-40);H
1517;109;6;0;796;385;[60-INF);H
1518;109;1;1;558;86;[10-20);M
1519;109;0;0;562;0;[0-10);H
1520;109;5;0;536;471;[50-60);H
1521;109;4;1;622;499;[40-50);M
1522;109;2;0;674;590;[20-30);H
1523;109;3;1;704;560;[30-40);M
1524;109;6;1;1213;311;[60-INF);M
1525;109;1;0;549;112;[10-20);H
1526;109;0;1;562;0;[0-10);M
1527;110;4;1;1115;927;[40-50);M
1528;110;5;0;895;831;[50-60);H
1529;110;2;1;1198;952;[20-30);M
1530;110;6;1;2368;625;[60-INF);M
1531;110;1;0;756;110;[10-20);H
1532;110;0;1;895;0;[0-10);M
1533;110;3;1;1484;1297;[30-40);M
1534;110;6;0;1390;753;[60-INF);H
1535;110;2;0;1150;945;[20-30);H
1536;110;4;0;985;936;[40-50);H
1537;110;5;1;1124;840;[50-60);M
1538;110;0;0;840;0;[0-10);H
1539;110;1;1;784;94;[10-20);M
1540;110;3;0;1367;1307;[30-40);H
1541;111;0;1;1027;0;[0-10);M
1542;111;4;0;1074;1018;[40-50);H
1543;111;6;1;2312;606;[60-INF);M
1544;111;2;0;1449;1225;[20-30);H
1545;111;3;1;1550;1301;[30-40);M
1546;111;5;0;1044;971;[50-60);H
1547;111;1;0;1128;188;[10-20);H
1548;111;0;0;1118;0;[0-10);H
1549;111;4;1;1198;968;[40-50);M
1550;111;3;0;1442;1368;[30-40);H
1551;111;2;1;1457;1140;[20-30);M
1552;111;6;0;1549;798;[60-INF);H
1553;111;1;1;1044;139;[10-20);M
1554;111;5;1;1280;960;[50-60);M
1555;112;0;0;1258;0;[0-10);H
1556;112;4;0;1328;1267;[40-50);H
1557;112;3;0;1684;1608;[30-40);H
1558;112;6;1;3889;1041;[60-INF);M
1559;112;5;1;1667;1271;[50-60);M
1560;112;1;1;1255;180;[10-20);M
1561;112;2;0;1688;1418;[20-30);H
1562;112;3;1;1846;1552;[30-40);M
1563;112;6;0;2254;1180;[60-INF);H
1564;112;0;1;1169;0;[0-10);M
1565;112;4;1;1595;1320;[40-50);M
1566;112;1;0;1216;197;[10-20);H
1567;112;5;0;1283;1167;[50-60);H
1568;112;2;1;1754;1404;[20-30);M
1569;113;4;1;1071;891;[40-50);M
1570;113;6;0;1316;689;[60-INF);H
1571;113;2;1;1230;973;[20-30);M
1572;113;0;0;951;0;[0-10);H
1573;113;1;1;984;161;[10-20);M
1574;113;5;0;929;865;[50-60);H
1575;113;3;0;1199;1151;[30-40);H
1576;113;4;0;938;906;[40-50);H
1577;113;6;1;2146;593;[60-INF);M
1578;113;2;0;1169;1054;[20-30);H
1579;113;5;1;1157;881;[50-60);M
1580;113;1;0;998;205;[10-20);H
1581;113;0;1;933;0;[0-10);M
1582;113;3;1;1301;1118;[30-40);M
1583;114;1;0;712;112;[10-20);H
1584;114;4;1;1065;899;[40-50);M
1585;114;2;0;1627;1272;[20-30);H
1586;114;6;0;1257;695;[60-INF);H
1587;114;0;1;656;0;[0-10);M
1588;114;5;1;1067;850;[50-60);M
1589;114;3;1;1577;1337;[30-40);M
1590;114;1;1;740;102;[10-20);M
1591;114;2;1;1701;1256;[20-30);M
1592;114;4;0;928;879;[40-50);H
1593;114;3;0;1462;1355;[30-40);H
1594;114;6;1;2199;673;[60-INF);M
1595;114;0;0;697;0;[0-10);H
1596;114;5;0;861;775;[50-60);H
1597;115;0;1;619;0;[0-10);M
1598;115;1;0;490;77;[10-20);H
1599;115;2;0;861;627;[20-30);H
1600;115;4;0;754;708;[40-50);H
1601;115;3;1;1237;1080;[30-40);M
1602;115;5;1;635;516;[50-60);M
1603;115;6;1;1180;474;[60-INF);M
1604;115;6;0;751;480;[60-INF);H
1605;115;1;1;468;53;[10-20);M
1606;115;3;0;1103;1047;[30-40);H
1607;115;2;1;1027;798;[20-30);M
1608;115;5;0;535;502;[50-60);H
1609;115;4;1;810;691;[40-50);M
1610;115;0;0;635;0;[0-10);H
1611;116;1;1;1189;190;[10-20);M
1612;116;0;1;1132;0;[0-10);M
1613;116;6;1;2883;973;[60-INF);M
1614;116;2;1;2444;1810;[20-30);M
1615;116;0;0;1211;0;[0-10);H
1616;116;4;1;1420;1230;[40-50);M
1617;116;3;0;2055;1952;[30-40);H
1618;116;5;0;1070;973;[50-60);H
1619;116;1;0;1140;224;[10-20);H
1620;116;6;0;1590;868;[60-INF);H
1621;116;2;0;2270;1847;[20-30);H
1622;116;3;1;2180;1892;[30-40);M
1623;116;4;0;1346;1280;[40-50);H
1624;116;5;1;1319;1054;[50-60);M
1625;117;0;0;840;0;[0-10);H
1626;117;4;1;1415;1227;[40-50);M
1627;117;1;0;945;124;[10-20);H
1628;117;5;0;1136;1069;[50-60);H
1629;117;2;1;2699;2002;[20-30);M
1630;117;6;1;3864;1332;[60-INF);M
1631;117;3;0;1762;1692;[30-40);H
1632;117;0;1;841;0;[0-10);M
1633;117;1;1;998;164;[10-20);M
1634;117;5;1;1584;1285;[50-60);M
1635;117;4;0;1197;1129;[40-50);H
1636;117;3;1;1989;1794;[30-40);M
1637;117;6;0;2101;1222;[60-INF);H
1638;117;2;0;2242;1683;[20-30);H
1639;118;0;0;283;0;[0-10);H
1640;118;5;1;478;278;[50-60);M
1641;118;1;0;304;63;[10-20);H
1642;118;4;0;549;365;[40-50);H
1643;118;6;0;650;348;[60-INF);H
1644;118;3;1;704;492;[30-40);M
1645;118;2;0;869;590;[20-30);H
1646;118;4;1;461;322;[40-50);M
1647;118;1;1;275;60;[10-20);M
1648;118;5;0;528;305;[50-60);H
1649;118;0;1;255;0;[0-10);M
1650;118;3;0;744;544;[30-40);H
1651;118;6;1;794;301;[60-INF);M
1652;118;2;1;852;574;[20-30);M
1653;119;1;1;531;54;[10-20);M
1654;119;3;1;855;688;[30-40);M
1655;119;6;0;899;463;[60-INF);H
1656;119;0;1;578;0;[0-10);M
1657;119;2;0;624;527;[20-30);H
1658;119;4;0;595;564;[40-50);H
1659;119;5;1;673;472;[50-60);M
1660;119;1;0;541;81;[10-20);H
1661;119;3;0;792;768;[30-40);H
1662;119;4;1;662;516;[40-50);M
1663;119;2;1;675;530;[20-30);M
1664;119;5;0;570;514;[50-60);H
1665;119;0;0;582;0;[0-10);H
1666;119;6;1;1458;345;[60-INF);M
1667;120;3;0;1348;1307;[30-40);H
1668;120;1;0;1039;177;[10-20);H
1669;120;6;1;2483;721;[60-INF);M
1670;120;2;1;1187;930;[20-30);M
1671;120;5;0;971;922;[50-60);H
1672;120;4;1;1259;1009;[40-50);M
1673;120;0;1;990;0;[0-10);M
1674;120;1;1;912;155;[10-20);M
1675;120;3;1;1439;1240;[30-40);M
1676;120;0;0;1036;0;[0-10);H
1677;120;6;0;1631;832;[60-INF);H
1678;120;4;0;1105;1065;[40-50);H
1679;120;5;1;1171;860;[50-60);M
1680;120;2;0;1192;1040;[20-30);H
1681;121;1;1;334;47;[10-20);M
1682;121;0;0;378;0;[0-10);H
1683;121;6;1;1004;243;[60-INF);M
1684;121;4;1;464;376;[40-50);M
1685;121;3;0;504;486;[30-40);H
1686;121;5;0;382;359;[50-60);H
1687;121;2;0;463;393;[20-30);H
1688;121;1;0;351;43;[10-20);H
1689;121;0;1;348;0;[0-10);M
1690;121;4;0;424;409;[40-50);H
1691;121;2;1;398;316;[20-30);M
1692;121;5;1;478;356;[50-60);M
1693;121;6;0;652;313;[60-INF);H
1694;121;3;1;519;443;[30-40);M
1695;122;0;1;1187;0;[0-10);M
1696;122;6;0;1365;651;[60-INF);H
1697;122;4;0;1073;955;[40-50);H
1698;122;1;1;1194;175;[10-20);M
1699;122;3;1;1474;1079;[30-40);M
1700;122;5;1;1196;863;[50-60);M
1701;122;2;0;1466;1167;[20-30);H
1702;122;6;1;2350;638;[60-INF);M
1703;122;0;0;1220;0;[0-10);H
1704;122;4;1;1307;984;[40-50);M
1705;122;5;0;1022;901;[50-60);H
1706;122;2;1;1519;1030;[20-30);M
1707;122;3;0;1366;1169;[30-40);H
1708;122;1;0;1179;193;[10-20);H
1709;123;0;0;855;0;[0-10);H
1710;123;6;0;1344;735;[60-INF);H
1711;123;2;1;1236;992;[20-30);M
1712;123;1;0;757;117;[10-20);H
1713;123;4;0;960;912;[40-50);H
1714;123;3;0;1356;1306;[30-40);H
1715;123;5;1;1106;878;[50-60);M
1716;123;2;0;1179;1006;[20-30);H
1717;123;6;1;2153;562;[60-INF);M
1718;123;0;1;814;0;[0-10);M
1719;123;3;1;1460;1294;[30-40);M
1720;123;5;0;845;797;[50-60);H
1721;123;4;1;1078;941;[40-50);M
1722;123;1;1;742;123;[10-20);M
1723;124;5;0;672;634;[50-60);H
1724;124;6;1;1612;409;[60-INF);M
1725;124;2;1;803;624;[20-30);M
1726;124;3;1;838;671;[30-40);M
1727;124;1;0;606;103;[10-20);H
1728;124;0;1;621;0;[0-10);M
1729;124;4;1;791;620;[40-50);M
1730;124;6;0;1028;514;[60-INF);H
1731;124;2;0;804;685;[20-30);H
1732;124;5;1;783;524;[50-60);M
1733;124;0;0;625;0;[0-10);H
1734;124;1;1;648;96;[10-20);M
1735;124;3;0;798;770;[30-40);H
1736;124;4;0;689;656;[40-50);H
1737;125;4;1;1202;933;[40-50);M
1738;125;1;1;1016;167;[10-20);M
1739;125;2;0;1322;1132;[20-30);H
1740;125;5;0;998;910;[50-60);H
1741;125;3;1;1311;1096;[30-40);M
1742;125;6;1;2825;647;[60-INF);M
1743;125;0;1;894;0;[0-10);M
1744;125;2;1;1323;1050;[20-30);M
1745;125;1;0;939;167;[10-20);H
1746;125;5;1;1239;935;[50-60);M
1747;125;4;0;1032;972;[40-50);H
1748;125;0;0;931;0;[0-10);H
1749;125;6;0;1673;807;[60-INF);H
1750;125;3;0;1214;1149;[30-40);H
1751;126;5;1;1737;1409;[50-60);M
1752;126;6;0;2088;1217;[60-INF);H
1753;126;3;0;2181;2053;[30-40);H
1754;126;2;0;1920;1635;[20-30);H
1755;126;4;0;1500;1446;[40-50);H
1756;126;1;1;1205;197;[10-20);M
1757;126;0;0;1258;0;[0-10);H
1758;126;6;1;3508;1207;[60-INF);M
1759;126;1;0;1197;205;[10-20);H
1760;126;5;0;1324;1254;[50-60);H
1761;126;2;1;2233;1803;[20-30);M
1762;126;4;1;1795;1556;[40-50);M
1763;126;3;1;2406;2071;[30-40);M
1764;126;0;1;1255;0;[0-10);M
1765;127;4;1;1166;1032;[40-50);M
1766;127;3;0;1260;1202;[30-40);H
1767;127;6;0;1462;837;[60-INF);H
1768;127;2;1;1373;1114;[20-30);M
1769;127;0;0;799;0;[0-10);H
1770;127;1;1;816;139;[10-20);M
1771;127;5;1;1171;961;[50-60);M
1772;127;3;1;1480;1297;[30-40);M
1773;127;6;1;2433;846;[60-INF);M
1774;127;4;0;995;961;[40-50);H
1775;127;0;1;811;0;[0-10);M
1776;127;2;0;1244;1090;[20-30);H
1777;127;1;0;821;126;[10-20);H
1778;127;5;0;844;791;[50-60);H
1779;128;5;0;592;561;[50-60);H
1780;128;6;0;863;471;[60-INF);H
1781;128;0;1;511;0;[0-10);M
1782;128;2;0;661;578;[20-30);H
1783;128;4;1;672;553;[40-50);M
1784;128;3;1;852;728;[30-40);M
1785;128;1;0;514;72;[10-20);H
1786;128;0;0;563;0;[0-10);H
1787;128;2;1;735;597;[20-30);M
1788;128;5;1;683;523;[50-60);M
1789;128;6;1;1321;370;[60-INF);M
1790;128;4;0;589;568;[40-50);H
1791;128;3;0;801;773;[30-40);H
1792;128;1;1;511;68;[10-20);M
1793;129;5;0;726;676;[50-60);H
1794;129;6;1;1832;674;[60-INF);M
1795;129;4;0;833;791;[40-50);H
1796;129;2;0;1393;1142;[20-30);H
1797;129;3;1;1486;1305;[30-40);M
1798;129;5;1;871;698;[50-60);M
1799;129;0;1;639;0;[0-10);M
1800;129;1;0;550;95;[10-20);H
1801;129;6;0;1088;633;[60-INF);H
1802;129;1;1;614;108;[10-20);M
1803;129;4;1;885;757;[40-50);M
1804;129;2;1;1498;1192;[20-30);M
1805;129;3;0;1515;1427;[30-40);H
1806;129;0;0;630;0;[0-10);H
1807;130;1;1;1224;126;[10-20);M
1808;130;4;0;1396;1346;[40-50);H
1809;130;3;0;1479;1398;[30-40);H
1810;130;2;1;1824;1366;[20-30);M
1811;130;5;0;1331;1265;[50-60);H
1812;130;0;0;1203;0;[0-10);H
1813;130;6;1;4266;1459;[60-INF);M
1814;130;4;1;1718;1393;[40-50);M
1815;130;1;0;1229;148;[10-20);H
1816;130;2;0;1714;1309;[20-30);H
1817;130;3;1;1768;1486;[30-40);M
1818;130;0;1;1141;0;[0-10);M
1819;130;6;0;2844;1791;[60-INF);H
1820;130;5;1;1863;1458;[50-60);M
1821;131;1;1;1341;207;[10-20);M
1822;131;2;1;1933;1550;[20-30);M
1823;131;3;0;2091;2014;[30-40);H
1824;131;5;0;1515;1429;[50-60);H
1825;131;4;1;1794;1495;[40-50);M
1826;131;6;0;2380;1358;[60-INF);H
1827;131;0;0;1402;0;[0-10);H
1828;131;4;0;1499;1440;[40-50);H
1829;131;1;0;1417;243;[10-20);H
1830;131;5;1;1964;1502;[50-60);M
1831;131;0;1;1383;0;[0-10);M
1832;131;6;1;3900;1237;[60-INF);M
1833;131;3;1;2316;1983;[30-40);M
1834;131;2;0;1961;1623;[20-30);H
1835;132;1;0;476;56;[10-20);H
1836;132;5;1;567;390;[50-60);M
1837;132;6;0;825;406;[60-INF);H
1838;132;0;1;398;0;[0-10);M
1839;132;2;0;535;437;[20-30);H
1840;132;3;1;620;509;[30-40);M
1841;132;4;0;541;510;[40-50);H
1842;132;6;1;1208;301;[60-INF);M
1843;132;5;0;501;465;[50-60);H
1844;132;1;1;446;54;[10-20);M
1845;132;0;0;428;0;[0-10);H
1846;132;2;1;515;405;[20-30);M
1847;132;4;1;578;439;[40-50);M
1848;132;3;0;533;509;[30-40);H
1849;133;6;1;1728;438;[60-INF);M
1850;133;4;0;647;625;[40-50);H
1851;133;5;1;695;497;[50-60);M
1852;133;0;1;497;0;[0-10);M
1853;133;1;1;545;74;[10-20);M
1854;133;3;1;701;580;[30-40);M
1855;133;2;0;647;531;[20-30);H
1856;133;6;0;1119;606;[60-INF);H
1857;133;5;0;581;555;[50-60);H
1858;133;4;1;731;571;[40-50);M
1859;133;2;1;674;499;[20-30);M
1860;133;3;0;619;592;[30-40);H
1861;133;0;0;515;0;[0-10);H
1862;133;1;0;579;67;[10-20);H
1863;134;5;0;518;486;[50-60);H
1864;134;6;1;1462;351;[60-INF);M
1865;134;4;1;605;482;[40-50);M
1866;134;2;1;531;413;[20-30);M
1867;134;3;0;568;546;[30-40);H
1868;134;0;0;443;0;[0-10);H
1869;134;1;0;466;56;[10-20);H
1870;134;5;1;641;469;[50-60);M
1871;134;4;0;475;456;[40-50);H
1872;134;6;0;940;537;[60-INF);H
1873;134;3;1;612;509;[30-40);M
1874;134;0;1;366;0;[0-10);M
1875;134;1;1;495;46;[10-20);M
1876;134;2;0;565;468;[20-30);H
1877;135;3;0;1337;1286;[30-40);H
1878;135;0;0;868;0;[0-10);H
1879;135;6;0;1626;900;[60-INF);H
1880;135;5;0;928;868;[50-60);H
1881;135;4;1;1170;943;[40-50);M
1882;135;1;0;811;102;[10-20);H
1883;135;6;1;2747;789;[60-INF);M
1884;135;2;1;1257;988;[20-30);M
1885;135;3;1;1509;1308;[30-40);M
1886;135;4;0;1034;982;[40-50);H
1887;135;0;1;873;0;[0-10);M
1888;135;1;1;757;104;[10-20);M
1889;135;5;1;1143;878;[50-60);M
1890;135;2;0;1176;1015;[20-30);H
1891;136;1;1;212;37;[10-20);M
1892;136;4;0;288;271;[40-50);H
1893;136;5;1;289;217;[50-60);M
1894;136;6;0;434;234;[60-INF);H
1895;136;3;1;314;258;[30-40);M
1896;136;2;0;291;241;[20-30);H
1897;136;3;0;313;298;[30-40);H
1898;136;0;0;230;0;[0-10);H
1899;136;1;0;245;40;[10-20);H
1900;136;2;1;305;242;[20-30);M
1901;136;4;1;342;285;[40-50);M
1902;136;5;0;239;214;[50-60);H
1903;136;0;1;225;0;[0-10);M
1904;136;6;1;693;190;[60-INF);M
1905;137;0;1;710;0;[0-10);M
1906;137;1;0;554;80;[10-20);H
1907;137;5;1;870;663;[50-60);M
1908;137;4;0;719;677;[40-50);H
1909;137;2;1;1212;1033;[20-30);M
1910;137;6;0;1200;625;[60-INF);H
1911;137;3;1;1448;1293;[30-40);M
1912;137;0;0;740;0;[0-10);H
1913;137;1;1;548;75;[10-20);M
1914;137;6;1;1980;536;[60-INF);M
1915;137;3;0;1362;1307;[30-40);H
1916;137;2;0;994;856;[20-30);H
1917;137;5;0;696;658;[50-60);H
1918;137;4;1;848;708;[40-50);M
1919;138;6;1;2472;737;[60-INF);M
1920;138;2;1;1206;916;[20-30);M
1921;138;0;0;916;0;[0-10);H
1922;138;5;0;889;832;[50-60);H
1923;138;4;1;1186;968;[40-50);M
1924;138;1;0;947;140;[10-20);H
1925;138;3;0;1186;1137;[30-40);H
1926;138;0;1;845;0;[0-10);M
1927;138;2;0;1244;1029;[20-30);H
1928;138;6;0;1580;903;[60-INF);H
1929;138;3;1;1337;1167;[30-40);M
1930;138;1;1;908;137;[10-20);M
1931;138;4;0;961;927;[40-50);H
1932;138;5;1;1129;901;[50-60);M
1933;139;0;1;1239;0;[0-10);M
1934;139;3;0;1409;1349;[30-40);H
1935;139;2;0;1476;1291;[20-30);H
1936;139;6;1;1956;573;[60-INF);M
1937;139;5;0;895;821;[50-60);H
1938;139;1;1;1273;246;[10-20);M
1939;139;4;1;1143;913;[40-50);M
1940;139;3;1;1478;1192;[30-40);M
1941;139;0;0;1263;0;[0-10);H
1942;139;2;1;1552;1182;[20-30);M
1943;139;6;0;1246;658;[60-INF);H
1944;139;4;0;1067;1015;[40-50);H
1945;139;1;0;1356;262;[10-20);H
1946;139;5;1;1080;789;[50-60);M
1947;140;1;1;1211;210;[10-20);M
1948;140;3;0;2389;2124;[30-40);H
1949;140;5;1;1661;1274;[50-60);M
1950;140;2;0;2616;2029;[20-30);H
1951;140;4;0;1512;1361;[40-50);H
1952;140;6;0;2029;1100;[60-INF);H
1953;140;0;0;1156;0;[0-10);H
1954;140;1;0;1244;271;[10-20);H
1955;140;2;1;2736;1991;[20-30);M
1956;140;3;1;2288;1885;[30-40);M
1957;140;5;0;1339;1163;[50-60);H
1958;140;6;1;3426;1162;[60-INF);M
1959;140;0;1;1146;0;[0-10);M
1960;140;4;1;1686;1380;[40-50);M
1961;141;5;1;2745;1858;[50-60);M
1962;141;1;0;1422;182;[10-20);H
1963;141;2;1;3530;2352;[20-30);M
1964;141;4;0;2148;1455;[40-50);H
1965;141;6;0;4304;2461;[60-INF);H
1966;141;1;1;1533;229;[10-20);M
1967;141;0;0;1296;0;[0-10);H
1968;141;5;0;2322;1657;[50-60);H
1969;141;4;1;2460;1659;[40-50);M
1970;141;2;0;3031;2044;[20-30);H
1971;141;3;1;2816;2037;[30-40);M
1972;141;3;0;2733;1941;[30-40);H
1973;141;6;1;6295;2291;[60-INF);M
1974;141;0;1;1305;0;[0-10);M
1975;142;4;1;1628;1383;[40-50);M
1976;142;2;1;3570;2588;[20-30);M
1977;142;1;0;1140;164;[10-20);H
1978;142;5;0;1243;1150;[50-60);H
1979;142;3;1;2327;2020;[30-40);M
1980;142;6;0;2344;1393;[60-INF);H
1981;142;0;1;986;0;[0-10);M
1982;142;5;1;1740;1373;[50-60);M
1983;142;2;0;2859;2178;[20-30);H
1984;142;4;0;1276;1191;[40-50);H
1985;142;3;0;2053;1900;[30-40);H
1986;142;1;1;1228;185;[10-20);M
1987;142;0;0;1051;0;[0-10);H
1988;142;6;1;4192;1461;[60-INF);M
1989;143;2;0;1108;962;[20-30);H
1990;143;0;1;974;0;[0-10);M
1991;143;3;1;1328;1098;[30-40);M
1992;143;6;1;1987;525;[60-INF);M
1993;143;1;1;860;133;[10-20);M
1994;143;4;0;946;895;[40-50);H
1995;143;5;0;827;777;[50-60);H
1996;143;6;0;1273;638;[60-INF);H
1997;143;2;1;1117;891;[20-30);M
1998;143;1;0;920;159;[10-20);H
1999;143;4;1;1035;835;[40-50);M
2000;143;0;0;978;0;[0-10);H
2001;143;3;0;1263;1221;[30-40);H
2002;143;5;1;946;701;[50-60);M
2003;144;1;1;741;81;[10-20);M
2004;144;5;1;1053;767;[50-60);M
2005;144;0;0;772;0;[0-10);H
2006;144;6;1;2293;532;[60-INF);M
2007;144;3;0;1068;1018;[30-40);H
2008;144;4;0;822;778;[40-50);H
2009;144;2;1;972;799;[20-30);M
2010;144;0;1;790;0;[0-10);M
2011;144;6;0;1420;764;[60-INF);H
2012;144;4;1;999;774;[40-50);M
2013;144;3;1;1091;901;[30-40);M
2014;144;5;0;852;790;[50-60);H
2015;144;1;0;782;109;[10-20);H
2016;144;2;0;970;835;[20-30);H
2017;145;4;1;619;509;[40-50);M
2018;145;1;0;436;54;[10-20);H
2019;145;5;1;622;458;[50-60);M
2020;145;0;0;407;0;[0-10);H
2021;145;2;1;535;419;[20-30);M
2022;145;6;0;903;459;[60-INF);H
2023;145;3;0;580;548;[30-40);H
2024;145;2;0;529;445;[20-30);H
2025;145;6;1;1687;387;[60-INF);M
2026;145;4;0;496;476;[40-50);H
2027;145;5;0;523;485;[50-60);H
2028;145;1;1;432;67;[10-20);M
2029;145;3;1;694;594;[30-40);M
2030;145;0;1;413;0;[0-10);M
2031;146;2;0;2296;1941;[20-30);H
2032;146;5;1;2122;1683;[50-60);M
2033;146;3;1;3120;2777;[30-40);M
2034;146;4;1;2149;1844;[40-50);M
2035;146;6;0;2851;1552;[60-INF);H
2036;146;0;1;1615;0;[0-10);M
2037;146;1;0;1406;215;[10-20);H
2038;146;1;1;1355;193;[10-20);M
2039;146;5;0;1626;1515;[50-60);H
2040;146;4;0;1780;1709;[40-50);H
2041;146;3;0;2826;2728;[30-40);H
2042;146;2;1;2682;2168;[20-30);M
2043;146;6;1;5158;1563;[60-INF);M
2044;146;0;0;1655;0;[0-10);H
2045;147;1;0;697;126;[10-20);H
2046;147;4;1;1086;928;[40-50);M
2047;147;5;0;830;785;[50-60);H
2048;147;6;1;2096;642;[60-INF);M
2049;147;0;1;837;0;[0-10);M
2050;147;2;0;1189;1024;[20-30);H
2051;147;3;1;1733;1536;[30-40);M
2052;147;0;0;893;0;[0-10);H
2053;147;5;1;1079;848;[50-60);M
2054;147;4;0;956;921;[40-50);H
2055;147;1;1;751;112;[10-20);M
2056;147;3;0;1530;1488;[30-40);H
2057;147;2;1;1298;1054;[20-30);M
2058;147;6;0;1300;691;[60-INF);H
2059;148;6;1;1370;402;[60-INF);M
2060;148;4;1;652;565;[40-50);M
2061;148;0;0;600;0;[0-10);H
2062;148;2;1;871;716;[20-30);M
2063;148;1;1;564;95;[10-20);M
2064;148;3;0;946;910;[30-40);H
2065;148;5;0;580;531;[50-60);H
2066;148;4;0;617;585;[40-50);H
2067;148;6;0;825;436;[60-INF);H
2068;148;1;0;573;105;[10-20);H
2069;148;0;1;581;0;[0-10);M
2070;148;2;0;808;710;[20-30);H
2071;148;5;1;703;540;[50-60);M
2072;148;3;1;924;811;[30-40);M
2073;149;6;0;3378;1754;[60-INF);H
2074;149;4;1;2523;2197;[40-50);M
2075;149;2;1;3145;2519;[20-30);M
2076;149;4;0;2147;2030;[40-50);H
2077;149;3;0;3074;2946;[30-40);H
2078;149;1;0;1708;284;[10-20);H
2079;149;0;0;1781;0;[0-10);H
2080;149;6;1;6423;1971;[60-INF);M
2081;149;5;1;2541;2002;[50-60);M
2082;149;3;1;3335;2933;[30-40);M
2083;149;0;1;1735;0;[0-10);M
2084;149;2;0;2855;2434;[20-30);H
2085;149;1;1;1706;258;[10-20);M
2086;149;5;0;1945;1802;[50-60);H
2087;150;0;1;659;0;[0-10);M
2088;150;6;0;984;547;[60-INF);H
2089;150;5;1;844;662;[50-60);M
2090;150;4;0;777;736;[40-50);H
2091;150;3;1;1200;1075;[30-40);M
2092;150;2;0;1045;895;[20-30);H
2093;150;1;1;682;121;[10-20);M
2094;150;5;0;694;647;[50-60);H
2095;150;4;1;906;753;[40-50);M
2096;150;0;0;693;0;[0-10);H
2097;150;6;1;1677;537;[60-INF);M
2098;150;3;0;1125;1069;[30-40);H
2099;150;1;0;660;140;[10-20);H
2100;150;2;1;1120;895;[20-30);M
2101;151;0;1;1704;0;[0-10);M
2102;151;3;1;2337;1956;[30-40);M
2103;151;6;1;4696;1255;[60-INF);M
2104;151;2;0;2236;1930;[20-30);H
2105;151;4;0;1618;1534;[40-50);H
2106;151;5;1;1979;1525;[50-60);M
2107;151;1;1;1642;266;[10-20);M
2108;151;0;0;1787;0;[0-10);H
2109;151;6;0;2767;1398;[60-INF);H
2110;151;3;0;2346;2237;[30-40);H
2111;151;4;1;1909;1573;[40-50);M
2112;151;5;0;1583;1416;[50-60);H
2113;151;1;0;1674;269;[10-20);H
2114;151;2;1;2305;1781;[20-30);M
2115;152;2;0;1459;1291;[20-30);H
2116;152;1;0;1202;214;[10-20);H
2117;152;0;0;1189;0;[0-10);H
2118;152;3;0;1490;1423;[30-40);H
2119;152;6;1;2764;677;[60-INF);M
2120;152;5;0;1094;1010;[50-60);H
2121;152;4;1;1288;1023;[40-50);M
2122;152;6;0;1703;885;[60-INF);H
2123;152;3;1;1572;1279;[30-40);M
2124;152;1;1;1166;186;[10-20);M
2125;152;2;1;1447;1112;[20-30);M
2126;152;0;1;1161;0;[0-10);M
2127;152;4;0;1126;1078;[40-50);H
2128;152;5;1;1325;943;[50-60);M
2129;153;1;1;673;95;[10-20);M
2130;153;5;0;631;587;[50-60);H
2131;153;6;0;930;438;[60-INF);H
2132;153;2;0;893;764;[20-30);H
2133;153;0;0;652;0;[0-10);H
2134;153;4;1;750;602;[40-50);M
2135;153;3;0;772;726;[30-40);H
2136;153;1;0;719;117;[10-20);H
2137;153;6;1;1392;317;[60-INF);M
2138;153;2;1;878;648;[20-30);M
2139;153;3;1;833;660;[30-40);M
2140;153;4;0;681;650;[40-50);H
2141;153;0;1;667;0;[0-10);M
2142;153;5;1;744;517;[50-60);M
2143;154;3;1;919;782;[30-40);M
2144;154;1;1;622;113;[10-20);M
2145;154;6;0;988;564;[60-INF);H
2146;154;4;0;643;620;[40-50);H
2147;154;2;1;816;635;[20-30);M
2148;154;5;1;704;551;[50-60);M
2149;154;0;1;595;0;[0-10);M
2150;154;0;0;634;0;[0-10);H
2151;154;4;1;770;649;[40-50);M
2152;154;6;1;1528;466;[60-INF);M
2153;154;5;0;618;581;[50-60);H
2154;154;2;0;804;683;[20-30);H
2155;154;3;0;848;811;[30-40);H
2156;154;1;0;633;106;[10-20);H
2157;155;2;1;750;493;[20-30);M
2158;155;0;0;331;0;[0-10);H
2159;155;3;1;624;469;[30-40);M
2160;155;5;1;458;316;[50-60);M
2161;155;1;0;358;58;[10-20);H
2162;155;4;0;469;376;[40-50);H
2163;155;6;1;755;262;[60-INF);M
2164;155;3;0;592;477;[30-40);H
2165;155;0;1;301;0;[0-10);M
2166;155;2;0;766;540;[20-30);H
2167;155;5;0;416;311;[50-60);H
2168;155;6;0;552;282;[60-INF);H
2169;155;1;1;369;60;[10-20);M
2170;155;4;1;509;400;[40-50);M
2171;156;1;0;737;135;[10-20);H
2172;156;3;1;1330;1127;[30-40);M
2173;156;5;0;745;696;[50-60);H
2174;156;2;1;1287;941;[20-30);M
2175;156;0;1;675;0;[0-10);M
2176;156;4;1;982;838;[40-50);M
2177;156;2;0;1285;1068;[20-30);H
2178;156;6;1;2264;692;[60-INF);M
2179;156;6;0;1233;642;[60-INF);H
2180;156;1;1;708;92;[10-20);M
2181;156;5;1;1019;801;[50-60);M
2182;156;3;0;1277;1219;[30-40);H
2183;156;4;0;864;815;[40-50);H
2184;156;0;0;742;0;[0-10);H
2185;157;1;1;369;50;[10-20);M
2186;157;4;1;551;470;[40-50);M
2187;157;2;0;898;668;[20-30);H
2188;157;5;0;519;436;[50-60);H
2189;157;3;0;816;713;[30-40);H
2190;157;0;1;384;0;[0-10);M
2191;157;6;0;836;449;[60-INF);H
2192;157;3;1;820;667;[30-40);M
2193;157;4;0;566;504;[40-50);H
2194;157;5;1;596;472;[50-60);M
2195;157;2;1;851;632;[20-30);M
2196;157;1;0;410;87;[10-20);H
2197;157;0;0;411;0;[0-10);H
2198;157;6;1;1215;422;[60-INF);M
2199;158;1;1;625;103;[10-20);M
2200;158;2;0;1325;982;[20-30);H
2201;158;5;1;848;656;[50-60);M
2202;158;4;0;713;608;[40-50);H
2203;158;0;0;521;0;[0-10);H
2204;158;3;0;1096;940;[30-40);H
2205;158;6;1;1977;691;[60-INF);M
2206;158;1;0;526;90;[10-20);H
2207;158;2;1;1458;962;[20-30);M
2208;158;3;1;1092;860;[30-40);M
2209;158;0;1;548;0;[0-10);M
2210;158;4;1;862;687;[40-50);M
2211;158;5;0;693;588;[50-60);H
2212;158;6;0;1083;599;[60-INF);H
2213;159;1;0;1220;183;[10-20);H
2214;159;6;0;2690;1786;[60-INF);H
2215;159;2;1;3252;2277;[20-30);M
2216;159;4;1;1638;1371;[40-50);M
2217;159;0;0;1032;0;[0-10);H
2218;159;5;1;1909;1504;[50-60);M
2219;159;3;1;2163;1898;[30-40);M
2220;159;0;1;1053;0;[0-10);M
2221;159;6;1;4808;1803;[60-INF);M
2222;159;2;0;2647;1940;[20-30);H
2223;159;1;1;1309;199;[10-20);M
2224;159;3;0;1797;1681;[30-40);H
2225;159;4;0;1271;1191;[40-50);H
2226;159;5;0;1351;1258;[50-60);H
2227;160;1;0;1739;231;[10-20);H
2228;160;0;1;1710;0;[0-10);M
2229;160;6;0;4119;2614;[60-INF);H
2230;160;5;0;2099;1933;[50-60);H
2231;160;4;1;2652;2205;[40-50);M
2232;160;2;0;3566;2643;[20-30);H
2233;160;4;0;2085;1965;[40-50);H
2234;160;3;1;3457;2942;[30-40);M
2235;160;6;1;6989;2581;[60-INF);M
2236;160;5;1;2969;2360;[50-60);M
2237;160;0;0;1774;0;[0-10);H
2238;160;1;1;1972;319;[10-20);M
2239;160;3;0;2839;2656;[30-40);H
2240;160;2;1;4559;3291;[20-30);M
2241;161;3;0;1048;998;[30-40);H
2242;161;6;1;1884;543;[60-INF);M
2243;161;4;0;800;745;[40-50);H
2244;161;5;0;685;630;[50-60);H
2245;161;1;1;657;116;[10-20);M
2246;161;3;1;1190;1006;[30-40);M
2247;161;0;1;700;0;[0-10);M
2248;161;2;1;1053;816;[20-30);M
2249;161;6;0;1119;539;[60-INF);H
2250;161;4;1;878;755;[40-50);M
2251;161;5;1;899;675;[50-60);M
2252;161;1;0;726;112;[10-20);H
2253;161;0;0;724;0;[0-10);H
2254;161;2;0;1018;877;[20-30);H
